host;public_ip;status;attempts;city;region;country;location;organization;postal;timezone;latency (ms);date
101domain.com;104.23.139.9;OK;1;San Francisco;California;US;37.7621,-122.3971;AS13335 Cloudflare, Inc.;94107;America/Los_Angeles;2.73;20-03-2023 15:05:03
20minutos.es;18.154.41.66;OK;1;Madrid;Madrid;ES;40.4165,-3.7026;AS16509 Amazon.com, Inc.;28001;Europe/Madrid;2.85;20-03-2023 15:05:04
2checkout.com;N/A;N/A;0;N/A;N/A;N/A;0.0,0.0;N/A;0;N/A;0.0;20-03-2023 15:05:04
4shared.com;204.155.146.95;OK;1;Grapevine;Texas;US;32.9343,-97.0781;AS40824 WZ Communications Inc.;76051;America/Chicago;126;20-03-2023 15:05:04
500px.com;N/A;N/A;0;N/A;N/A;N/A;0.0,0.0;N/A;0;N/A;0.0;20-03-2023 15:05:04
abacus.coop;104.16.63.20;OK;1;San Francisco;California;US;37.7621,-122.3971;AS13335 Cloudflare, Inc.;94107;America/Los_Angeles;2.96;20-03-2023 15:05:05
abanca.com;213.170.41.173;OK;3;Madrid;Madrid;ES;40.4165,-3.7026;AS16203 NCG Banco;28001;Europe/Madrid;15.5;20-03-2023 15:05:06
abc.es;23.200.66.144;OK;1;Madrid;Madrid;ES;40.4165,-3.7026;AS20940 Akamai International B.V.;28009;Europe/Madrid;3.57;20-03-2023 15:05:06
abv.bg;194.153.145.104;OK;1;Sofia;Sofia-Capital;BG;42.6975,23.3241;AS13147 Net Info JSCo;1000;Europe/Sofia;52.3;20-03-2023 15:05:07
academia.edu;54.192.95.124;OK;1;Madrid;Madrid;ES;40.4165,-3.7026;AS16509 Amazon.com, Inc.;28001;Europe/Madrid;2.84;20-03-2023 15:05:07
accenture.com;N/A;N/A;0;N/A;N/A;N/A;0.0,0.0;N/A;0;N/A;0.0;20-03-2023 15:05:07
accounts.google.com;142.250.200.77;OK;1;Madrid;Madrid;ES;40.4165,-3.7026;AS15169 Google LLC;28001;Europe/Madrid;4.13;20-03-2023 15:05:07
accuweather.com;173.223.22.59;OK;1;Madrid;Madrid;ES;40.4165,-3.7026;AS16625 Akamai Technologies, Inc.;28009;Europe/Madrid;2.45;20-03-2023 15:05:08
prod-web.eu-west-1.elasticbeanstalk.com;N/A;KO;3;N/A;N/A;N/A;0.0,0.0;N/A;0;N/A;0.0;20-03-2023 15:05:08
adoptauntio.es;N/A;N/A;0;N/A;N/A;N/A;0.0,0.0;N/A;0;N/A;0.0;20-03-2023 15:05:08
agame.com;104.21.78.214;OK;1;San Francisco;California;US;37.7621,-122.3971;AS13335 Cloudflare, Inc.;94107;America/Los_Angeles;3.07;20-03-2023 15:05:09
agenciatributaria.es;N/A;N/A;0;N/A;N/A;N/A;0.0,0.0;N/A;0;N/A;0.0;20-03-2023 15:05:09
airbnb.es;N/A;N/A;0;N/A;N/A;N/A;0.0,0.0;N/A;0;N/A;0.0;20-03-2023 15:05:09
akamai.com;23.15.133.2;OK;1;Madrid;Madrid;ES;40.4165,-3.7026;AS16625 Akamai Technologies, Inc.;28009;Europe/Madrid;3.74;20-03-2023 15:05:09
akf.de;92.204.236.87;OK;1;Strasbourg;Grand Est;FR;48.5839,7.7455;AS8972 Host Europe GmbH;67200;Europe/Paris;26.9;20-03-2023 15:05:10
aliexpress.com;47.254.175.252;OK;3;Frankfurt am Main;Hesse;DE;50.1112,8.6831;AS45102 Alibaba (US) Technology Co., Ltd.;60311;Europe/Berlin;31.3;20-03-2023 15:05:11
amazon.com;52.94.236.248;OK;2;Ashburn;Virginia;US;39.0437,-77.4875;AS16509 Amazon.com, Inc.;20147;America/New_York;78.1;20-03-2023 15:05:12
amazon.es;N/A;N/A;0;N/A;N/A;N/A;0.0,0.0;N/A;0;N/A;0.0;20-03-2023 15:05:12
amena.com;N/A;N/A;0;N/A;N/A;N/A;0.0,0.0;N/A;0;N/A;0.0;20-03-2023 15:05:12
amp.dev;75.2.60.5;OK;1;Seattle;Washington;US;47.5413,-122.3129;AS16509 Amazon.com, Inc.;98108;America/Los_Angeles;2.97;20-03-2023 15:05:12
analytics.google.com;142.250.200.110;OK;1;Madrid;Madrid;ES;40.4165,-3.7026;AS15169 Google LLC;28001;Europe/Madrid;3.76;20-03-2023 15:05:13
android.com;142.250.200.68;OK;1;Madrid;Madrid;ES;40.4165,-3.7026;AS15169 Google LLC;28001;Europe/Madrid;3.71;20-03-2023 15:05:13
antena3.com;N/A;N/A;0;N/A;N/A;N/A;0.0,0.0;N/A;0;N/A;0.0;20-03-2023 15:05:13
anuncios.es;N/A;N/A;0;N/A;N/A;N/A;0.0,0.0;N/A;0;N/A;0.0;20-03-2023 15:05:13
anydesk.com;108.157.109.103;OK;1;Madrid;Madrid;ES;40.4165,-3.7026;AS16509 Amazon.com, Inc.;28001;Europe/Madrid;3.31;20-03-2023 15:05:14
aparat.com;N/A;N/A;0;N/A;N/A;N/A;0.0,0.0;N/A;0;N/A;0.0;20-03-2023 15:05:14
appcenter.ms;N/A;N/A;0;N/A;N/A;N/A;0.0,0.0;N/A;0;N/A;0.0;20-03-2023 15:05:14
apple.com;N/A;N/A;0;N/A;N/A;N/A;0.0,0.0;N/A;0;N/A;0.0;20-03-2023 15:05:14
applovin.com;141.193.213.21;OK;2;Austin;Texas;US;30.2672,-97.7431;AS209242 Cloudflare London, LLC;78701;America/Chicago;3.65;20-03-2023 15:05:14
appsflyer.com;N/A;N/A;0;N/A;N/A;N/A;0.0,0.0;N/A;0;N/A;0.0;20-03-2023 15:05:14
arabbank.com;N/A;N/A;0;N/A;N/A;N/A;0.0,0.0;N/A;0;N/A;0.0;20-03-2023 15:05:15
aresbank.es;N/A;N/A;0;N/A;N/A;N/A;0.0,0.0;N/A;0;N/A;0.0;20-03-2023 15:05:15
arsys.com;N/A;KO;3;N/A;N/A;N/A;0.0,0.0;N/A;0;N/A;0.0;20-03-2023 15:05:15
arsys.es;217.76.128.28;OK;1;Logroño;La Rioja;ES;42.4667,-2.4500;AS8560 IONOS SE;26004;Europe/Madrid;3.42;20-03-2023 15:05:16
arvixe.com;N/A;N/A;0;N/A;N/A;N/A;0.0,0.0;N/A;0;N/A;0.0;20-03-2023 15:05:16
as.com;184.28.177.24;OK;1;Madrid;Madrid;ES;40.4165,-3.7026;AS20940 Akamai International B.V.;28009;Europe/Madrid;3.24;20-03-2023 15:05:16
ashleymadison.com;104.16.120.62;OK;1;San Francisco;California;US;37.7621,-122.3971;AS13335 Cloudflare, Inc.;94107;America/Los_Angeles;2.83;20-03-2023 15:05:17
asmallworld.com;N/A;N/A;0;N/A;N/A;N/A;0.0,0.0;N/A;0;N/A;0.0;20-03-2023 15:05:17
asos.com;96.16.248.12;OK;1;Paris;Île-de-France;FR;48.8534,2.3488;AS20940 Akamai International B.V.;75000;Europe/Paris;24.1;20-03-2023 15:05:17
atrapalo.com;N/A;N/A;0;N/A;N/A;N/A;0.0,0.0;N/A;0;N/A;0.0;20-03-2023 15:05:17
n.sni.global.fastly.net;151.101.133.91;OK;2;Madrid;Madrid;ES;40.4165,-3.7026;AS54113 Fastly, Inc.;28001;Europe/Madrid;2.93;20-03-2023 15:05:18
atresplayer.com;N/A;N/A;0;N/A;N/A;N/A;0.0,0.0;N/A;0;N/A;0.0;20-03-2023 15:05:18
authorize.net;162.159.152.2;OK;1;San Francisco;California;US;37.7621,-122.3971;AS13335 Cloudflare, Inc.;94107;America/Los_Angeles;3.39;20-03-2023 15:05:18
avast.com;23.73.170.177;OK;1;Madrid;Madrid;ES;40.4165,-3.7026;AS16625 Akamai Technologies, Inc.;28009;Europe/Madrid;2.88;20-03-2023 15:05:19
avg.com;N/A;N/A;0;N/A;N/A;N/A;0.0,0.0;N/A;0;N/A;0.0;20-03-2023 15:05:19
dr49lng3n1n2s.cloudfront.net;18.67.238.68;OK;1;Madrid;Madrid;ES;40.4165,-3.7026;AS16509 Amazon.com, Inc.;28001;Europe/Madrid;2.56;20-03-2023 15:05:20
badoo.com;N/A;N/A;0;N/A;N/A;N/A;0.0,0.0;N/A;0;N/A;0.0;20-03-2023 15:05:20
baidu.com;110.242.68.66;OK;2;Shijiazhuang;Hebei;CN;38.0414,114.4786;AS4837 CHINA UNICOM China169 Backbone;0;Asia/Shanghai;178;20-03-2023 15:05:21
bancofar.es;N/A;N/A;0;N/A;N/A;N/A;0.0,0.0;N/A;0;N/A;0.0;20-03-2023 15:05:21
bancopichincha.es;N/A;N/A;0;N/A;N/A;N/A;0.0,0.0;N/A;0;N/A;0.0;20-03-2023 15:05:21
bancopopular.es;45.60.32.180;OK;1;Redwood City;California;US;37.5331,-122.2486;AS19551 Incapsula Inc;94065;America/Los_Angeles;95.3;20-03-2023 15:05:21
bancosantander.es;184.24.172.177;OK;1;Frankfurt am Main;Hesse;DE;50.1155,8.6842;AS16625 Akamai Technologies, Inc.;60306;Europe/Berlin;29.4;20-03-2023 15:05:22
bancsabadell.com;45.148.222.10;OK;2;Sabadell;Catalonia;ES;41.5433,2.1094;AS60813 Banco Sabadell;8200;Europe/Madrid;4.46;20-03-2023 15:05:22
bandcamp.com;151.101.66.132;OK;1;San Francisco;California;US;37.7621,-122.3971;AS54113 Fastly, Inc.;94107;America/Los_Angeles;2.84;20-03-2023 15:05:23
bankia.es;N/A;N/A;0;N/A;N/A;N/A;0.0,0.0;N/A;0;N/A;0.0;20-03-2023 15:05:23
bankinter.com;N/A;N/A;0;N/A;N/A;N/A;0.0,0.0;N/A;0;N/A;0.0;20-03-2023 15:05:23
bankoa.es;N/A;N/A;0;N/A;N/A;N/A;0.0,0.0;N/A;0;N/A;0.0;20-03-2023 15:05:23
bankofbeijing.com.cn;N/A;N/A;0;N/A;N/A;N/A;0.0,0.0;N/A;0;N/A;0.0;20-03-2023 15:05:23
bantierra.es;N/A;N/A;0;N/A;N/A;N/A;0.0,0.0;N/A;0;N/A;0.0;20-03-2023 15:05:23
barclays.co.uk;23.0.119.47;OK;1;Madrid;Madrid;ES;40.4165,-3.7026;AS16625 Akamai Technologies, Inc.;28009;Europe/Madrid;2.81;20-03-2023 15:05:23
bbva.es;23.74.95.207;OK;1;Madrid;Madrid;ES;40.4165,-3.7026;AS16625 Akamai Technologies, Inc.;28009;Europe/Madrid;2.48;20-03-2023 15:05:24
be.ceca.es;N/A;N/A;0;N/A;N/A;N/A;0.0,0.0;N/A;0;N/A;0.0;20-03-2023 15:05:24
be2.es;93.104.242.20;OK;1;Munich;Bavaria;DE;48.1374,11.5755;AS8767 M-net Telekommunikations GmbH;80331;Europe/Berlin;35.0;20-03-2023 15:05:24
bebee.com;62.97.142.16;OK;1;Madrid;Madrid;ES;40.4165,-3.7026;AS9165 PROSODIE IBERICA SL;28001;Europe/Madrid;3.85;20-03-2023 15:05:24
beinconnect.es;18.154.41.127;OK;1;Madrid;Madrid;ES;40.4165,-3.7026;AS16509 Amazon.com, Inc.;28001;Europe/Madrid;3.85;20-03-2023 15:05:25
bemad.es;N/A;N/A;0;N/A;N/A;N/A;0.0,0.0;N/A;0;N/A;0.0;20-03-2023 15:05:25
bet365.es;N/A;N/A;0;N/A;N/A;N/A;0.0,0.0;N/A;0;N/A;0.0;20-03-2023 15:05:26
bing.com;204.79.197.200;OK;1;Redmond;Washington;US;47.6740,-122.1215;AS8068 Microsoft Corporation;98052;America/Los_Angeles;3.79;20-03-2023 15:05:26
blogger.com;142.250.200.105;OK;1;Madrid;Madrid;ES;40.4165,-3.7026;AS15169 Google LLC;28001;Europe/Madrid;3.53;20-03-2023 15:05:26
blogs.route53.opera.com;N/A;KO;3;N/A;N/A;N/A;0.0,0.0;N/A;0;N/A;0.0;20-03-2023 15:05:27
Blogspot.com;142.250.184.169;OK;1;Madrid;Madrid;ES;40.4165,-3.7026;AS15169 Google LLC;28001;Europe/Madrid;4.09;20-03-2023 15:05:28
bluehost.com;104.18.28.109;OK;1;San Francisco;California;US;37.7621,-122.3971;AS13335 Cloudflare, Inc.;94107;America/Los_Angeles;4.00;20-03-2023 15:05:28
bmcebank.ma;212.217.29.195;OK;1;Abadou;Marrakesh-Safi;MA;31.5792,-7.3131;AS6713 Office National des Postes et Telecommunications ONPT (Maroc Telecom) / IAM;42072;Africa/Casablanca;23.2;20-03-2023 15:05:28
bmce-intl.com;N/A;N/A;0;N/A;N/A;N/A;0.0,0.0;N/A;0;N/A;0.0;20-03-2023 15:05:29
bnl.it;N/A;N/A;0;N/A;N/A;N/A;0.0,0.0;N/A;0;N/A;0.0;20-03-2023 15:05:29
bnpparibas.es;23.0.116.18;OK;1;Madrid;Madrid;ES;40.4165,-3.7026;AS16625 Akamai Technologies, Inc.;28009;Europe/Madrid;2.72;20-03-2023 15:05:29
boing.es;N/A;N/A;0;N/A;N/A;N/A;0.0,0.0;N/A;0;N/A;0.0;20-03-2023 15:05:29
booking.com;N/A;N/A;0;N/A;N/A;N/A;0.0,0.0;N/A;0;N/A;0.0;20-03-2023 15:05:29
burguerkingencasa.es;N/A;N/A;0;N/A;N/A;N/A;0.0,0.0;N/A;0;N/A;0.0;20-03-2023 15:05:29
buysellads.com;N/A;N/A;0;N/A;N/A;N/A;0.0,0.0;N/A;0;N/A;0.0;20-03-2023 15:05:29
buzznet.com;35.229.48.116;OK;2;North Charleston;South Carolina;US;32.9336,-80.1026;AS396982 Google LLC;29420;America/New_York;90.7;20-03-2023 15:05:30
cadena100.es;N/A;N/A;0;N/A;N/A;N/A;0.0,0.0;N/A;0;N/A;0.0;20-03-2023 15:05:30
cadenadial.com;N/A;N/A;0;N/A;N/A;N/A;0.0,0.0;N/A;0;N/A;0.0;20-03-2023 15:05:30
cadenaser.com;184.28.177.14;OK;1;Madrid;Madrid;ES;40.4165,-3.7026;AS20940 Akamai International B.V.;28009;Europe/Madrid;4.37;20-03-2023 15:05:31
caixabank.com;N/A;N/A;0;N/A;N/A;N/A;0.0,0.0;N/A;0;N/A;0.0;20-03-2023 15:05:31
caixabank.es;N/A;N/A;0;N/A;N/A;N/A;0.0,0.0;N/A;0;N/A;0.0;20-03-2023 15:05:31
callstats.io;104.22.65.205;OK;1;San Francisco;California;US;37.7621,-122.3971;AS13335 Cloudflare, Inc.;94107;America/Los_Angeles;2.95;20-03-2023 15:05:31
canalextremadura.es;N/A;N/A;0;N/A;N/A;N/A;0.0,0.0;N/A;0;N/A;0.0;20-03-2023 15:05:31
canalsur.es;N/A;N/A;0;N/A;N/A;N/A;0.0,0.0;N/A;0;N/A;0.0;20-03-2023 15:05:31
carbonads.net;N/A;N/A;0;N/A;N/A;N/A;0.0,0.0;N/A;0;N/A;0.0;20-03-2023 15:05:31
care2.com;N/A;N/A;0;N/A;N/A;N/A;0.0,0.0;N/A;0;N/A;0.0;20-03-2023 15:05:31
caringbridge.org;108.157.109.31;OK;1;Madrid;Madrid;ES;40.4165,-3.7026;AS16509 Amazon.com, Inc.;28001;Europe/Madrid;2.58;20-03-2023 15:05:32
casadellibro.com;N/A;N/A;0;N/A;N/A;N/A;0.0,0.0;N/A;0;N/A;0.0;20-03-2023 15:05:32
casalemedia.com;N/A;N/A;0;N/A;N/A;N/A;0.0,0.0;N/A;0;N/A;0.0;20-03-2023 15:05:32
cashconverters.es;108.157.98.116;OK;1;Madrid;Madrid;ES;40.4165,-3.7026;AS16509 Amazon.com, Inc.;28001;Europe/Madrid;2.57;20-03-2023 15:05:32
cashparking.com;N/A;N/A;0;N/A;N/A;N/A;0.0,0.0;N/A;0;N/A;0.0;20-03-2023 15:05:32
ccma.cat;N/A;N/A;0;N/A;N/A;N/A;0.0,0.0;N/A;0;N/A;0.0;20-03-2023 15:05:32
c-date.es;93.104.242.20;OK;1;Munich;Bavaria;DE;48.1374,11.5755;AS8767 M-net Telekommunikations GmbH;80331;Europe/Berlin;34.5;20-03-2023 15:05:33
cdkeys.com;172.67.69.86;OK;1;San Francisco;California;US;37.7621,-122.3971;AS13335 Cloudflare, Inc.;94107;America/Los_Angeles;3.45;20-03-2023 15:05:33
cecabank.es;N/A;N/A;0;N/A;N/A;N/A;0.0,0.0;N/A;0;N/A;0.0;20-03-2023 15:05:33
cherryroad.com;N/A;KO;3;N/A;N/A;N/A;0.0,0.0;N/A;0;N/A;0.0;20-03-2023 15:05:39
chinafm.es;217.13.94.225;OK;1;Valencia;Valencia;ES;39.4697,-0.3774;AS25487 Digital Value SL;46001;Europe/Madrid;12.2;20-03-2023 15:05:39
cinesa.es;104.18.26.207;OK;1;San Francisco;California;US;37.7621,-122.3971;AS13335 Cloudflare, Inc.;94107;America/Los_Angeles;2.73;20-03-2023 15:05:40
clarin.com;N/A;N/A;0;N/A;N/A;N/A;0.0,0.0;N/A;0;N/A;0.0;20-03-2023 15:05:40
classmates.com;104.18.24.23;OK;1;San Francisco;California;US;37.7621,-122.3971;AS13335 Cloudflare, Inc.;94107;America/Los_Angeles;3.25;20-03-2023 15:05:40
cliver.tv;N/A;N/A;0;N/A;N/A;N/A;0.0,0.0;N/A;0;N/A;0.0;20-03-2023 15:05:40
cloob.com;N/A;N/A;0;N/A;N/A;N/A;0.0,0.0;N/A;0;N/A;0.0;20-03-2023 15:05:40
cnnespanol.go-vip.net;192.0.66.142;OK;1;San Francisco;California;US;37.7509,-122.4153;AS2635 Automattic, Inc;94110;America/Los_Angeles;3.80;20-03-2023 15:05:40
coches.net;108.157.109.37;OK;1;Madrid;Madrid;ES;40.4165,-3.7026;AS16509 Amazon.com, Inc.;28001;Europe/Madrid;2.84;20-03-2023 15:05:41
comercios.ceca.es;N/A;N/A;0;N/A;N/A;N/A;0.0,0.0;N/A;0;N/A;0.0;20-03-2023 15:05:41
comlaude.com;N/A;N/A;0;N/A;N/A;N/A;0.0,0.0;N/A;0;N/A;0.0;20-03-2023 15:05:41
constantcontact.com;208.75.122.14;OK;1;Boston;Massachusetts;US;42.3584,-71.0598;AS40444 Constant Contact, Inc;2108;America/New_York;150;20-03-2023 15:05:41
cootlogix.com;34.117.168.233;OK;1;Kansas City;Missouri;US;39.0997,-94.5786;AS396982 Google LLC;64106;America/Chicago;3.51;20-03-2023 15:05:42
cope.es;N/A;N/A;0;N/A;N/A;N/A;0.0,0.0;N/A;0;N/A;0.0;20-03-2023 15:05:42
couchsurfing.com;N/A;N/A;0;N/A;N/A;N/A;0.0,0.0;N/A;0;N/A;0.0;20-03-2023 15:05:42
crashlytics.com;N/A;N/A;0;N/A;N/A;N/A;0.0,0.0;N/A;0;N/A;0.0;20-03-2023 15:05:42
criteo.com;N/A;KO;3;N/A;N/A;N/A;0.0,0.0;N/A;0;N/A;0.0;20-03-2023 15:05:43
crtvg.es;N/A;N/A;0;N/A;N/A;N/A;0.0,0.0;N/A;0;N/A;0.0;20-03-2023 15:05:43
cuatro.com;N/A;N/A;0;N/A;N/A;N/A;0.0,0.0;N/A;0;N/A;0.0;20-03-2023 15:05:43
dailymotion.com;195.8.215.136;OK;1;Paris;Île-de-France;FR;48.8534,2.3488;AS41690 Dailymotion S.A.;75000;Europe/Paris;22.6;20-03-2023 15:05:43
db.com;N/A;N/A;0;N/A;N/A;N/A;0.0,0.0;N/A;0;N/A;0.0;20-03-2023 15:05:43
dbonline.deutsche-bank.es;N/A;N/A;0;N/A;N/A;N/A;0.0,0.0;N/A;0;N/A;0.0;20-03-2023 15:05:43
deezer.com;N/A;N/A;0;N/A;N/A;N/A;0.0,0.0;N/A;0;N/A;0.0;20-03-2023 15:05:43
icio.us;N/A;KO;3;N/A;N/A;N/A;0.0,0.0;N/A;0;N/A;0.0;20-03-2023 15:05:44
deliveroo.es;104.18.27.160;OK;1;San Francisco;California;US;37.7621,-122.3971;AS13335 Cloudflare, Inc.;94107;America/Los_Angeles;3.60;20-03-2023 15:05:44
delivery.karmabu.cdn.orange.com;90.84.143.153;OK;3;Paris;Île-de-France;FR;48.8534,2.3488;AS5511 Orange S.A.;75000;Europe/Paris;10.4;20-03-2023 15:05:45
deloitte.com;170.194.156.208;OK;2;Washington;Washington, D.C.;US;38.8951,-77.0364;AS26342 Deloitte Touche Tohmatsu Services, Inc.;20004;America/New_York;111;20-03-2023 15:05:46
deviantart.com;108.157.98.127;OK;1;Madrid;Madrid;ES;40.4165,-3.7026;AS16509 Amazon.com, Inc.;28001;Europe/Madrid;2.53;20-03-2023 15:05:46
diasp.org;170.39.215.215;OK;1;Bend;Oregon;US;44.0582,-121.3153;AS397423 Tier.Net Technologies LLC;97708;America/Los_Angeles;146;20-03-2023 15:05:47
disneyplus.com;N/A;N/A;0;N/A;N/A;N/A;0.0,0.0;N/A;0;N/A;0.0;20-03-2023 15:05:47
divinity.es;N/A;N/A;0;N/A;N/A;N/A;0.0,0.0;N/A;0;N/A;0.0;20-03-2023 15:05:47
divxtotal.com;104.21.45.235;OK;1;San Francisco;California;US;37.7621,-122.3971;AS13335 Cloudflare, Inc.;94107;America/Los_Angeles;3.02;20-03-2023 15:05:47
divxtotal3.net;N/A;N/A;0;N/A;N/A;N/A;0.0,0.0;N/A;0;N/A;0.0;20-03-2023 15:05:48
dixmax.com;188.114.97.5;OK;1;San Francisco;California;US;37.7621,-122.3971;AS13335 Cloudflare, Inc.;94107;America/Los_Angeles;2.88;20-03-2023 15:05:48
dl.cube.lodz.karma.orange.com;N/A;N/A;0;N/A;N/A;N/A;0.0,0.0;N/A;0;N/A;0.0;20-03-2023 15:05:48
dominospizza.es;194.224.110.10;OK;1;Madrid;Madrid;ES;40.4165,-3.7026;AS3352 TELEFONICA DE ESPANA S.A.U.;28001;Europe/Madrid;5.62;20-03-2023 15:05:48
part-0015.t-0009.fdv2-t-msedge.net;13.107.237.43;OK;1;Redmond;Washington;US;47.6740,-122.1215;AS8075 Microsoft Corporation;98052;America/Los_Angeles;3.62;20-03-2023 15:05:49
doubleclick.com;142.250.184.174;OK;1;Madrid;Madrid;ES;40.4165,-3.7026;AS15169 Google LLC;28001;Europe/Madrid;3.66;20-03-2023 15:05:49
doubleclick.net;142.250.184.174;OK;1;Madrid;Madrid;ES;40.4165,-3.7026;AS15169 Google LLC;28001;Europe/Madrid;3.74;20-03-2023 15:05:50
dribbble.com;192.229.220.206;OK;1;Culver City;California;US;33.9728,-118.4276;AS15133 Edgecast Inc.;90094;America/Los_Angeles;3.23;20-03-2023 15:05:50
dropbox.com;162.125.248.18;OK;1;San Francisco;California;US;37.7621,-122.3971;AS19679 Dropbox, Inc.;94107;America/Los_Angeles;3.40;20-03-2023 15:05:50
ds-hostingsolutions.net;34.160.209.102;OK;2;Kansas City;Missouri;US;39.0997,-94.5786;AS15169 Google LLC;64106;America/Chicago;3.78;20-03-2023 15:05:51
dwolla.com;104.16.77.153;OK;1;San Francisco;California;US;37.7621,-122.3971;AS13335 Cloudflare, Inc.;94107;America/Los_Angeles;3.81;20-03-2023 15:05:51
ebay.com;N/A;N/A;0;N/A;N/A;N/A;0.0,0.0;N/A;0;N/A;0.0;20-03-2023 15:05:51
ebay.es;N/A;N/A;0;N/A;N/A;N/A;0.0,0.0;N/A;0;N/A;0.0;20-03-2023 15:05:51
ebnbanco.com;N/A;N/A;0;N/A;N/A;N/A;0.0,0.0;N/A;0;N/A;0.0;20-03-2023 15:05:51
edarling.es;104.18.31.109;OK;1;San Francisco;California;US;37.7621,-122.3971;AS13335 Cloudflare, Inc.;94107;America/Los_Angeles;3.50;20-03-2023 15:05:52
edreams.es;35.246.196.126;OK;1;Frankfurt am Main;Hesse;DE;50.1155,8.6842;AS396982 Google LLC;60306;Europe/Berlin;29.0;20-03-2023 15:05:52
ehu.eus;158.227.0.65;OK;1;Bilbao;Basque Country;ES;43.3010,-2.9991;AS15488 Universidad del Pais Vasco - Euskal Herriko Unibertsitatea;48510;Europe/Madrid;13.9;20-03-2023 15:05:53
eitb.eus;151.101.2.133;OK;1;San Francisco;California;US;37.7621,-122.3971;AS54113 Fastly, Inc.;94107;America/Los_Angeles;2.64;20-03-2023 15:05:53
elcomercio.pe;95.100.252.56;OK;1;Paris;Île-de-France;FR;48.8534,2.3488;AS20940 Akamai International B.V.;75000;Europe/Paris;27.9;20-03-2023 15:05:54
elconfidencial.com;107.154.106.101;OK;3;Redwood City;California;US;37.5331,-122.2486;AS19551 Incapsula Inc;94065;America/Los_Angeles;95.3;20-03-2023 15:05:54
elcorteingles.es;N/A;N/A;0;N/A;N/A;N/A;0.0,0.0;N/A;0;N/A;0.0;20-03-2023 15:05:54
eldiario.es;N/A;N/A;0;N/A;N/A;N/A;0.0,0.0;N/A;0;N/A;0.0;20-03-2023 15:05:55
eleconomista.es;N/A;N/A;0;N/A;N/A;N/A;0.0,0.0;N/A;0;N/A;0.0;20-03-2023 15:05:55
elespanol.com;54.192.95.45;OK;1;Madrid;Madrid;ES;40.4165,-3.7026;AS16509 Amazon.com, Inc.;28001;Europe/Madrid;2.69;20-03-2023 15:05:56
elespectador.com;184.31.8.37;OK;1;Madrid;Madrid;ES;40.4165,-3.7026;AS20940 Akamai International B.V.;28009;Europe/Madrid;3.06;20-03-2023 15:05:56
elitetorrent.biz;50.28.56.190;OK;1;Lansing;Michigan;US;42.7325,-84.5555;AS32244 Liquid Web, L.L.C;48901;America/Detroit;114;20-03-2023 15:05:57
elmundo.es;N/A;N/A;0;N/A;N/A;N/A;0.0,0.0;N/A;0;N/A;0.0;20-03-2023 15:05:57
elpais.com;23.200.66.154;OK;1;Madrid;Madrid;ES;40.4165,-3.7026;AS20940 Akamai International B.V.;28009;Europe/Madrid;4.16;20-03-2023 15:05:57
elperiodico.com;195.76.147.109;OK;1;Madrid;Madrid;ES;40.4655,-3.7376;AS3352 TELEFONICA DE ESPANA S.A.U.;28048;Europe/Madrid;5.05;20-03-2023 15:05:57
eltenedor.es;151.101.130.133;OK;1;San Francisco;California;US;37.7621,-122.3971;AS54113 Fastly, Inc.;94107;America/Los_Angeles;3.13;20-03-2023 15:05:58
eltiempo.com;45.60.121.135;OK;2;Redwood City;California;US;37.5331,-122.2486;AS19551 Incapsula Inc;94065;America/Los_Angeles;95.8;20-03-2023 15:05:59
eltiempo.es;N/A;N/A;0;N/A;N/A;N/A;0.0,0.0;N/A;0;N/A;0.0;20-03-2023 15:05:59
wx.mail.qq.com;N/A;KO;3;N/A;N/A;N/A;0.0,0.0;N/A;0;N/A;0.0;20-03-2023 15:05:59
energytv.es;N/A;N/A;0;N/A;N/A;N/A;0.0,0.0;N/A;0;N/A;0.0;20-03-2023 15:05:59
enom.com;199.16.172.29;OK;2;San Antonio;Texas;US;29.4241,-98.4936;AS2635 Automattic, Inc;78205;America/Chicago;3.01;20-03-2023 15:06:00
entradas.com;184.84.19.134;OK;1;Madrid;Madrid;ES;40.4165,-3.7026;AS16625 Akamai Technologies, Inc.;28009;Europe/Madrid;3.12;20-03-2023 15:06:00
epicgames.com;N/A;N/A;0;N/A;N/A;N/A;0.0,0.0;N/A;0;N/A;0.0;20-03-2023 15:06:01
e11956.x.akamaiedge.net;23.0.76.238;OK;1;Madrid;Madrid;ES;40.4165,-3.7026;AS16625 Akamai Technologies, Inc.;28009;Europe/Madrid;2.64;20-03-2023 15:06:01
j.sni.global.fastly.net;151.101.134.132;OK;2;Madrid;Madrid;ES;40.4165,-3.7026;AS54113 Fastly, Inc.;28001;Europe/Madrid;3.78;20-03-2023 15:06:01
es.hboespana.com;N/A;N/A;0;N/A;N/A;N/A;0.0,0.0;N/A;0;N/A;0.0;20-03-2023 15:06:02
s3-website.us-east-1.amazonaws.com;52.217.68.59;OK;1;Ashburn;Virginia;US;39.0437,-77.4875;AS16509 Amazon.com, Inc.;20147;America/New_York;87.3;20-03-2023 15:06:02
f2.shared.global.fastly.net;151.101.134.2;OK;2;Madrid;Madrid;ES;40.4165,-3.7026;AS54113 Fastly, Inc.;28001;Europe/Madrid;3.11;20-03-2023 15:06:03
pop-lor1-lx.mix.linkedin.com;144.2.14.25;OK;1;Portland;Oregon;US;45.5234,-122.6762;AS14413 LinkedIn Corporation;97204;America/Los_Angeles;166;20-03-2023 15:06:03
es.mail.yahoo.com;N/A;N/A;0;N/A;N/A;N/A;0.0,0.0;N/A;0;N/A;0.0;20-03-2023 15:06:04
cs431.wpc.chicdn.net;68.232.34.226;OK;1;Culver City;California;US;33.9728,-118.4276;AS15133 Edgecast Inc.;90094;America/Los_Angeles;3.04;20-03-2023 15:06:04
d291e33ne127py.cloudfront.net;18.154.41.123;OK;1;Madrid;Madrid;ES;40.4165,-3.7026;AS16509 Amazon.com, Inc.;28001;Europe/Madrid;3.10;20-03-2023 15:06:04
es.sitew.com;178.32.55.155;OK;1;Lille;Hauts-de-France;FR;50.6330,3.0586;AS16276 OVH SAS;59000;Europe/Paris;22.3;20-03-2023 15:06:05
scribd.map.fastly.net;151.101.134.152;OK;1;Madrid;Madrid;ES;40.4165,-3.7026;AS54113 Fastly, Inc.;28001;Europe/Madrid;2.51;20-03-2023 15:06:05
www.wallapop.com;18.154.22.24;OK;1;Madrid;Madrid;ES;40.4165,-3.7026;AS16509 Amazon.com, Inc.;28001;Europe/Madrid;3.11;20-03-2023 15:06:06
es.webs.com;104.16.140.31;OK;1;San Francisco;California;US;37.7621,-122.3971;AS13335 Cloudflare, Inc.;94107;America/Los_Angeles;3.62;20-03-2023 15:06:06
es.wix.com;N/A;N/A;0;N/A;N/A;N/A;0.0,0.0;N/A;0;N/A;0.0;20-03-2023 15:06:07
lb.wordpress.com;192.0.78.13;OK;1;San Francisco;California;US;37.7509,-122.4153;AS2635 Automattic, Inc;94110;America/Los_Angeles;3.93;20-03-2023 15:06:07
es.worldline.com;N/A;N/A;0;N/A;N/A;N/A;0.0,0.0;N/A;0;N/A;0.0;20-03-2023 15:06:07
fp-ycpi.g03.yahoodns.net;188.125.95.240;OK;1;Madrid;Madrid;ES;40.4165,-3.7026;AS10310 Oath Holdings Inc.;28001;Europe/Madrid;2.95;20-03-2023 15:06:07
esdemarca.com;35.186.206.21;OK;1;Kansas City;Missouri;US;39.0997,-94.5786;AS15169 Google LLC;64106;America/Chicago;3.20;20-03-2023 15:06:09
eset.com;N/A;N/A;0;N/A;N/A;N/A;0.0,0.0;N/A;0;N/A;0.0;20-03-2023 15:06:09
esnoticia.net;104.21.36.33;OK;1;San Francisco;California;US;37.7621,-122.3971;AS13335 Cloudflare, Inc.;94107;America/Los_Angeles;3.39;20-03-2023 15:06:09
europafm.com;N/A;N/A;0;N/A;N/A;N/A;0.0,0.0;N/A;0;N/A;0.0;20-03-2023 15:06:09
eurosport.es;N/A;N/A;0;N/A;N/A;N/A;0.0,0.0;N/A;0;N/A;0.0;20-03-2023 15:06:09
everis.com;N/A;N/A;0;N/A;N/A;N/A;0.0,0.0;N/A;0;N/A;0.0;20-03-2023 15:06:09
evobanco.com;45.60.130.20;OK;1;Redwood City;California;US;37.5331,-122.2486;AS19551 Incapsula Inc;94065;America/Los_Angeles;25.7;20-03-2023 15:06:10
expansion.com;N/A;N/A;0;N/A;N/A;N/A;0.0,0.0;N/A;0;N/A;0.0;20-03-2023 15:06:10
expedia.es;N/A;N/A;0;N/A;N/A;N/A;0.0,0.0;N/A;0;N/A;0.0;20-03-2023 15:06:11
ey.com;N/A;N/A;0;N/A;N/A;N/A;0.0,0.0;N/A;0;N/A;0.0;20-03-2023 15:06:11
eyeem.com;18.154.22.50;OK;1;Madrid;Madrid;ES;40.4165,-3.7026;AS16509 Amazon.com, Inc.;28001;Europe/Madrid;3.26;20-03-2023 15:06:11
facebook.com;157.240.202.35;OK;1;Paris;Île-de-France;FR;48.8534,2.3488;AS32934 Facebook, Inc.;75000;Europe/Paris;22.7;20-03-2023 15:06:12
factoriadeficcion.com;N/A;N/A;0;N/A;N/A;N/A;0.0,0.0;N/A;0;N/A;0.0;20-03-2023 15:06:12
factoriadigital.com;213.162.197.201;OK;1;Valencia;Valencia;ES;39.4697,-0.3774;AS13287 FALBOX S.L. trading as NIXVAL;46001;Europe/Madrid;7.38;20-03-2023 15:06:12
fastly.net;151.101.129.6;OK;2;San Francisco;California;US;37.7621,-122.3971;AS54113 Fastly, Inc.;94107;America/Los_Angeles;2.93;20-03-2023 15:06:13
fedex.com;N/A;N/A;0;N/A;N/A;N/A;0.0,0.0;N/A;0;N/A;0.0;20-03-2023 15:06:13
feverup.com;N/A;N/A;0;N/A;N/A;N/A;0.0,0.0;N/A;0;N/A;0.0;20-03-2023 15:06:13
fiba.basketball;N/A;N/A;0;N/A;N/A;N/A;0.0,0.0;N/A;0;N/A;0.0;20-03-2023 15:06:13
filmaffinity.com;82.98.137.22;OK;1;Madrid;Madrid;ES;40.4165,-3.7026;AS42612 DinaHosting S.L.;28001;Europe/Madrid;3.34;20-03-2023 15:06:13
filmin.es;104.18.18.203;OK;1;San Francisco;California;US;37.7621,-122.3971;AS13335 Cloudflare, Inc.;94107;America/Los_Angeles;2.75;20-03-2023 15:06:14
fireeye.com;162.159.246.125;OK;1;San Francisco;California;US;37.7621,-122.3971;AS13335 Cloudflare, Inc.;94107;America/Los_Angeles;22.5;20-03-2023 15:06:14
fishbowl.com;N/A;N/A;0;N/A;N/A;N/A;0.0,0.0;N/A;0;N/A;0.0;20-03-2023 15:06:14
flickr.com;13.32.128.130;OK;1;Madrid;Madrid;ES;40.4165,-3.7026;AS16509 Amazon.com, Inc.;28001;Europe/Madrid;3.37;20-03-2023 15:06:15
flixster.com;N/A;N/A;0;N/A;N/A;N/A;0.0,0.0;N/A;0;N/A;0.0;20-03-2023 15:06:15
fnac.es;N/A;N/A;0;N/A;N/A;N/A;0.0,0.0;N/A;0;N/A;0.0;20-03-2023 15:06:15
forocoches.com;172.67.5.161;OK;1;San Francisco;California;US;37.7621,-122.3971;AS13335 Cloudflare, Inc.;94107;America/Los_Angeles;3.67;20-03-2023 15:06:15
fotki.com;185.12.236.31;OK;1;Tallinn;Harjumaa;EE;59.4370,24.7535;AS39823 Compic OU;10111;Europe/Tallinn;75.9;20-03-2023 15:06:16
fotocasa.es;N/A;N/A;0;N/A;N/A;N/A;0.0,0.0;N/A;0;N/A;0.0;20-03-2023 15:06:16
redirect.lb.ccmbg.net;N/A;KO;3;N/A;N/A;N/A;0.0,0.0;N/A;0;N/A;0.0;20-03-2023 15:06:16
freeddns.noip.com;N/A;N/A;0;N/A;N/A;N/A;0.0,0.0;N/A;0;N/A;0.0;20-03-2023 15:06:16
freedompop.com;N/A;N/A;0;N/A;N/A;N/A;0.0,0.0;N/A;0;N/A;0.0;20-03-2023 15:06:16
fuegodevida.com;164.132.73.177;OK;1;Lille;Hauts-de-France;FR;50.6330,3.0586;AS16276 OVH SAS;59000;Europe/Paris;21.8;20-03-2023 15:06:17
funnyordie.com;192.0.78.199;OK;1;San Francisco;California;US;37.7509,-122.4153;AS2635 Automattic, Inc;94110;America/Los_Angeles;3.66;20-03-2023 15:06:17
g2a.com;172.67.36.196;OK;1;San Francisco;California;US;37.7621,-122.3971;AS13335 Cloudflare, Inc.;94107;America/Los_Angeles;3.18;20-03-2023 15:06:18
gaiaonline.com;N/A;N/A;0;N/A;N/A;N/A;0.0,0.0;N/A;0;N/A;0.0;20-03-2023 15:06:18
game.es;N/A;N/A;0;N/A;N/A;N/A;0.0,0.0;N/A;0;N/A;0.0;20-03-2023 15:06:18
gamovideo.com;172.67.172.75;OK;1;San Francisco;California;US;37.7621,-122.3971;AS13335 Cloudflare, Inc.;94107;America/Los_Angeles;2.50;20-03-2023 15:06:18
geni.com;107.154.110.111;OK;1;Redwood City;California;US;37.5331,-122.2486;AS19551 Incapsula Inc;94065;America/Los_Angeles;94.9;20-03-2023 15:06:18
ginos.es;N/A;N/A;0;N/A;N/A;N/A;0.0,0.0;N/A;0;N/A;0.0;20-03-2023 15:06:18
global.abb;151.101.3.10;OK;1;San Francisco;California;US;37.7621,-122.3971;AS54113 Fastly, Inc.;94107;America/Los_Angeles;2.31;20-03-2023 15:06:19
gmail.com;142.250.184.165;OK;1;Madrid;Madrid;ES;40.4165,-3.7026;AS15169 Google LLC;28001;Europe/Madrid;2.68;20-03-2023 15:06:19
gmx.com;82.165.229.87;OK;1;Karlsruhe;Baden-Wurttemberg;DE;49.0094,8.4044;AS8560 IONOS SE;76133;Europe/Berlin;33.5;20-03-2023 15:06:20
gnula.nu;N/A;N/A;0;N/A;N/A;N/A;0.0,0.0;N/A;0;N/A;0.0;20-03-2023 15:06:20
gnula.se;N/A;N/A;0;N/A;N/A;N/A;0.0,0.0;N/A;0;N/A;0.0;20-03-2023 15:06:20
d4m276jz6gztw.cloudfront.net;108.157.109.8;OK;1;Madrid;Madrid;ES;40.4165,-3.7026;AS16509 Amazon.com, Inc.;28001;Europe/Madrid;3.11;20-03-2023 15:06:20
goal.com;N/A;N/A;0;N/A;N/A;N/A;0.0,0.0;N/A;0;N/A;0.0;20-03-2023 15:06:20
goltelevision.com;N/A;N/A;0;N/A;N/A;N/A;0.0,0.0;N/A;0;N/A;0.0;20-03-2023 15:06:20
goodreads.com;52.94.237.126;OK;1;Ashburn;Virginia;US;39.0437,-77.4875;AS16509 Amazon.com, Inc.;20147;America/New_York;83.5;20-03-2023 15:06:21
google.com;142.250.201.78;OK;1;Madrid;Madrid;ES;40.4165,-3.7026;AS15169 Google LLC;28001;Europe/Madrid;3.54;20-03-2023 15:06:21
google.es;216.58.215.163;OK;1;Madrid;Madrid;ES;40.4165,-3.7026;AS15169 Google LLC;28001;Europe/Madrid;3.48;20-03-2023 15:06:21
googleadservices.com;142.250.184.162;OK;1;Madrid;Madrid;ES;40.4165,-3.7026;AS15169 Google LLC;28001;Europe/Madrid;3.19;20-03-2023 15:06:22
google-public-dns-a.google.com;8.8.8.8;OK;1;Mountain View;California;US;37.4056,-122.0775;AS15169 Google LLC;94043;America/Los_Angeles;3.44;20-03-2023 15:06:22
habbo.es;N/A;N/A;0;N/A;N/A;N/A;0.0,0.0;N/A;0;N/A;0.0;20-03-2023 15:06:22
halifax.co.uk;N/A;N/A;0;N/A;N/A;N/A;0.0,0.0;N/A;0;N/A;0.0;20-03-2023 15:06:22
hbbtv.org;N/A;N/A;0;N/A;N/A;N/A;0.0,0.0;N/A;0;N/A;0.0;20-03-2023 15:06:22
hi5.com;135.84.35.167;OK;2;San Francisco;California;US;37.7974,-122.4001;AS36080 IFWE INC;94111;America/Los_Angeles;156;20-03-2023 15:06:23
hitfm.es;N/A;N/A;0;N/A;N/A;N/A;0.0,0.0;N/A;0;N/A;0.0;20-03-2023 15:06:23
hola.com;N/A;N/A;0;N/A;N/A;N/A;0.0,0.0;N/A;0;N/A;0.0;20-03-2023 15:06:23
e7173.a.akamaiedge.net;23.74.93.231;OK;1;Madrid;Madrid;ES;40.4165,-3.7026;AS16625 Akamai Technologies, Inc.;28009;Europe/Madrid;2.87;20-03-2023 15:06:23
a1817.dscd.akamai.net;184.28.177.36;OK;1;Madrid;Madrid;ES;40.4165,-3.7026;AS20940 Akamai International B.V.;28009;Europe/Madrid;2.97;20-03-2023 15:06:24
hosteurope.es;192.124.249.102;OK;1;Menifee;California;US;33.7283,-117.1464;AS30148 Sucuri;92584;America/Los_Angeles;27.8;20-03-2023 15:06:25
hostgator.com;18.220.249.233;OK;2;Hilliard;Ohio;US;40.0334,-83.1582;AS16509 Amazon.com, Inc.;43026;America/New_York;98.2;20-03-2023 15:06:25
hostinet.com;194.116.147.41;OK;1;Basauri;Basque Country;ES;43.2397,-2.8858;AS56732 hostinet AS;48970;Europe/Madrid;10.7;20-03-2023 15:06:26
hotmail.com;204.79.197.212;OK;1;Redmond;Washington;US;47.6740,-122.1215;AS8068 Microsoft Corporation;98052;America/Los_Angeles;2.91;20-03-2023 15:06:26
hsbc.es;N/A;N/A;0;N/A;N/A;N/A;0.0,0.0;N/A;0;N/A;0.0;20-03-2023 15:06:26
hyvesgames.nl;104.21.24.3;OK;1;San Francisco;California;US;37.7621,-122.3971;AS13335 Cloudflare, Inc.;94107;America/Los_Angeles;3.29;20-03-2023 15:06:27
ibercaja.es;N/A;N/A;0;N/A;N/A;N/A;0.0,0.0;N/A;0;N/A;0.0;20-03-2023 15:06:27
icbc.lu;N/A;N/A;0;N/A;N/A;N/A;0.0,0.0;N/A;0;N/A;0.0;20-03-2023 15:06:27
icheckmovies.com;N/A;N/A;0;N/A;N/A;N/A;0.0,0.0;N/A;0;N/A;0.0;20-03-2023 15:06:27
icloud.com;17.253.144.10;OK;1;Cupertino;California;US;37.3230,-122.0322;AS714 Apple Inc.;95014;America/Los_Angeles;24.3;20-03-2023 15:06:27
icontact.com;N/A;N/A;0;N/A;N/A;N/A;0.0,0.0;N/A;0;N/A;0.0;20-03-2023 15:06:27
idealista.com;199.232.194.137;OK;2;San Francisco;California;US;37.7621,-122.3971;AS54113 Fastly, Inc.;94107;America/Los_Angeles;2.83;20-03-2023 15:06:28
imqq.com;N/A;KO;3;N/A;N/A;N/A;0.0,0.0;N/A;0;N/A;0.0;20-03-2023 15:06:29
indra.es;N/A;N/A;0;N/A;N/A;N/A;0.0,0.0;N/A;0;N/A;0.0;20-03-2023 15:06:29
infojobs.net;18.67.240.109;OK;1;Madrid;Madrid;ES;40.4165,-3.7026;AS16509 Amazon.com, Inc.;28001;Europe/Madrid;2.42;20-03-2023 15:06:29
ing.es;N/A;N/A;0;N/A;N/A;N/A;0.0,0.0;N/A;0;N/A;0.0;20-03-2023 15:06:29
ingenico.com;N/A;N/A;0;N/A;N/A;N/A;0.0,0.0;N/A;0;N/A;0.0;20-03-2023 15:06:29
instagram.com;185.60.219.174;OK;1;Paris;Île-de-France;FR;48.8534,2.3488;AS32934 Facebook, Inc.;75000;Europe/Paris;22.2;20-03-2023 15:06:29
instant-gaming.com;104.22.77.100;OK;1;San Francisco;California;US;37.7621,-122.3971;AS13335 Cloudflare, Inc.;94107;America/Los_Angeles;3.42;20-03-2023 15:06:30
intereconomia.com;151.139.128.10;OK;1;Dallas;Texas;US;32.7939,-96.8319;AS20446 StackPath, LLC.;75207;America/Chicago;2.72;20-03-2023 15:06:30
intuit.com;184.84.16.115;OK;1;Madrid;Madrid;ES;40.4165,-3.7026;AS16625 Akamai Technologies, Inc.;28009;Europe/Madrid;2.58;20-03-2023 15:06:31
inversis.com;N/A;N/A;0;N/A;N/A;N/A;0.0,0.0;N/A;0;N/A;0.0;20-03-2023 15:06:31
ionos.com;74.208.255.134;OK;3;Kansas City;Missouri;US;39.0997,-94.5786;AS8560 IONOS SE;64106;America/Chicago;134;20-03-2023 15:06:32
ionos.es;217.160.86.79;OK;1;Karlsruhe;Baden-Wurttemberg;DE;49.0019,8.4287;AS8560 IONOS SE;76137;Europe/Berlin;4.23;20-03-2023 15:06:32
isc.org;149.20.1.66;OK;2;San Jose;California;US;37.3394,-121.8950;AS1280 Internet Systems Consortium, Inc.;95103;America/Los_Angeles;169;20-03-2023 15:06:33
java.com;23.58.159.186;OK;1;Madrid;Madrid;ES;40.4165,-3.7026;AS20940 Akamai International B.V.;28009;Europe/Madrid;3.14;20-03-2023 15:06:33
jazztel.com;N/A;N/A;0;N/A;N/A;N/A;0.0,0.0;N/A;0;N/A;0.0;20-03-2023 15:06:33
jnj.com;N/A;N/A;0;N/A;N/A;N/A;0.0,0.0;N/A;0;N/A;0.0;20-03-2023 15:06:33
johnsoncontrols.com;45.60.196.141;OK;2;Redwood City;California;US;37.5331,-122.2486;AS19551 Incapsula Inc;94065;America/Los_Angeles;96.5;20-03-2023 15:06:34
jpush.cn;N/A;KO;3;N/A;N/A;N/A;0.0,0.0;N/A;0;N/A;0.0;20-03-2023 15:06:35
juegos.com;N/A;KO;3;N/A;N/A;N/A;0.0,0.0;N/A;0;N/A;0.0;20-03-2023 15:06:36
just-eat.es;172.64.145.22;OK;1;San Francisco;California;US;37.7621,-122.3971;AS13335 Cloudflare, Inc.;94107;America/Los_Angeles;3.79;20-03-2023 15:06:36
kaspersky.es;N/A;N/A;0;N/A;N/A;N/A;0.0,0.0;N/A;0;N/A;0.0;20-03-2023 15:06:36
kinepolis.es;184.28.177.4;OK;2;Madrid;Madrid;ES;40.4165,-3.7026;AS20940 Akamai International B.V.;28009;Europe/Madrid;3.82;20-03-2023 15:06:37
kinguin.net;N/A;N/A;0;N/A;N/A;N/A;0.0,0.0;N/A;0;N/A;0.0;20-03-2023 15:06:37
kiwi.com;104.16.192.226;OK;1;San Francisco;California;US;37.7621,-122.3971;AS13335 Cloudflare, Inc.;94107;America/Los_Angeles;3.22;20-03-2023 15:06:37
kiwibox.com;N/A;N/A;0;N/A;N/A;N/A;0.0,0.0;N/A;0;N/A;0.0;20-03-2023 15:06:37
lanacion.com.ar;N/A;N/A;0;N/A;N/A;N/A;0.0,0.0;N/A;0;N/A;0.0;20-03-2023 15:06:37
lasexta.com;N/A;N/A;0;N/A;N/A;N/A;0.0,0.0;N/A;0;N/A;0.0;20-03-2023 15:06:37
last.fm;34.96.123.111;OK;1;Kansas City;Missouri;US;39.0997,-94.5786;AS396982 Google LLC;64106;America/Chicago;3.89;20-03-2023 15:06:38
lavanguardia.com;N/A;KO;3;N/A;N/A;N/A;0.0,0.0;N/A;0;N/A;0.0;20-03-2023 15:06:38
lavozdegalicia.es;N/A;N/A;0;N/A;N/A;N/A;0.0,0.0;N/A;0;N/A;0.0;20-03-2023 15:06:38
lecturas.com;N/A;N/A;0;N/A;N/A;N/A;0.0,0.0;N/A;0;N/A;0.0;20-03-2023 15:06:38
liberbank.es;N/A;N/A;0;N/A;N/A;N/A;0.0,0.0;N/A;0;N/A;0.0;20-03-2023 15:06:38
libertaddigital.com;N/A;N/A;0;N/A;N/A;N/A;0.0,0.0;N/A;0;N/A;0.0;20-03-2023 15:06:38
lilly.com;184.28.177.9;OK;1;Madrid;Madrid;ES;40.4165,-3.7026;AS20940 Akamai International B.V.;28009;Europe/Madrid;3.61;20-03-2023 15:06:39
linkedin.com;13.107.42.14;OK;1;Redmond;Washington;US;47.6740,-122.1215;AS8068 Microsoft Corporation;98052;America/Los_Angeles;3.54;20-03-2023 15:06:39
liruch.com;172.67.6.42;OK;1;San Francisco;California;US;37.7621,-122.3971;AS13335 Cloudflare, Inc.;94107;America/Los_Angeles;4.17;20-03-2023 15:06:40
live.com;204.79.197.212;OK;1;Redmond;Washington;US;47.6740,-122.1215;AS8068 Microsoft Corporation;98052;America/Los_Angeles;3.32;20-03-2023 15:06:40
livejasmin.com;N/A;N/A;0;N/A;N/A;N/A;0.0,0.0;N/A;0;N/A;0.0;20-03-2023 15:06:41
livenation.es;N/A;N/A;0;N/A;N/A;N/A;0.0,0.0;N/A;0;N/A;0.0;20-03-2023 15:06:41
lloydsbank.com;N/A;N/A;0;N/A;N/A;N/A;0.0,0.0;N/A;0;N/A;0.0;20-03-2023 15:06:42
locafm.com;87.98.229.247;OK;1;Lille;Hauts-de-France;FR;50.6330,3.0586;AS16276 OVH SAS;59000;Europe/Paris;24.7;20-03-2023 15:06:42
www.tm.a.prd.aadg.trafficmanager.net;N/A;KO;3;N/A;N/A;N/A;0.0,0.0;N/A;0;N/A;0.0;20-03-2023 15:06:43
www.tm.ak.prd.aadg.trafficmanager.net;N/A;KO;3;N/A;N/A;N/A;0.0,0.0;N/A;0;N/A;0.0;20-03-2023 15:06:43
longlines.com;142.93.190.114;OK;3;Clifton;New Jersey;US;40.8344,-74.1377;AS14061 DigitalOcean, LLC;7014;America/New_York;96.8;20-03-2023 15:06:44
los40.com;199.232.194.133;OK;1;San Francisco;California;US;37.7621,-122.3971;AS54113 Fastly, Inc.;94107;America/Los_Angeles;3.58;20-03-2023 15:06:45
lovestv.es;45.60.13.211;OK;1;Redwood City;California;US;37.5331,-122.2486;AS19551 Incapsula Inc;94065;America/Los_Angeles;3.95;20-03-2023 15:06:45
m.cellufun.com;34.160.35.70;OK;1;Kansas City;Missouri;US;39.0997,-94.5786;AS15169 Google LLC;64106;America/Chicago;3.03;20-03-2023 15:06:46
m.itsmy.com;N/A;N/A;0;N/A;N/A;N/A;0.0,0.0;N/A;0;N/A;0.0;20-03-2023 15:06:46
maersk.com;N/A;N/A;0;N/A;N/A;N/A;0.0,0.0;N/A;0;N/A;0.0;20-03-2023 15:06:46
v4-edge.gycpi.b.yahoodns.net;188.125.95.240;OK;1;Madrid;Madrid;ES;40.4165,-3.7026;AS10310 Oath Holdings Inc.;28001;Europe/Madrid;3.86;20-03-2023 15:06:47
mail.com;82.165.229.87;OK;1;Karlsruhe;Baden-Wurttemberg;DE;49.0094,8.4044;AS8560 IONOS SE;76133;Europe/Berlin;34.3;20-03-2023 15:06:47
mailchimp.com;23.73.162.52;OK;1;Madrid;Madrid;ES;40.4165,-3.7026;AS16625 Akamai Technologies, Inc.;28009;Europe/Madrid;3.23;20-03-2023 15:06:47
mailjet.com;147.75.40.150;OK;1;New York City;New York;US;40.7139,-74.0070;AS54825 Packet Host, Inc.;10007;America/New_York;33.5;20-03-2023 15:06:48
maps.google.com;142.250.200.78;OK;1;Madrid;Madrid;ES;40.4165,-3.7026;AS15169 Google LLC;28001;Europe/Madrid;2.94;20-03-2023 15:06:48
marca.com;N/A;N/A;0;N/A;N/A;N/A;0.0,0.0;N/A;0;N/A;0.0;20-03-2023 15:06:48
marketingplatform.google.com;142.250.200.78;OK;1;Madrid;Madrid;ES;40.4165,-3.7026;AS15169 Google LLC;28001;Europe/Madrid;3.43;20-03-2023 15:06:49
maxima.fm;N/A;N/A;0;N/A;N/A;N/A;0.0,0.0;N/A;0;N/A;0.0;20-03-2023 15:06:49
mcafee.com;N/A;N/A;0;N/A;N/A;N/A;0.0,0.0;N/A;0;N/A;0.0;20-03-2023 15:06:49
mcdonalds.es;N/A;N/A;0;N/A;N/A;N/A;0.0,0.0;N/A;0;N/A;0.0;20-03-2023 15:06:49
mediafire.com;104.16.53.48;OK;1;San Francisco;California;US;37.7621,-122.3971;AS13335 Cloudflare, Inc.;94107;America/Los_Angeles;3.77;20-03-2023 15:06:49
mediamarkt.es;N/A;N/A;0;N/A;N/A;N/A;0.0,0.0;N/A;0;N/A;0.0;20-03-2023 15:06:49
mediaset.es;N/A;N/A;0;N/A;N/A;N/A;0.0,0.0;N/A;0;N/A;0.0;20-03-2023 15:06:49
mediatek.com;N/A;KO;3;N/A;N/A;N/A;0.0,0.0;N/A;0;N/A;0.0;20-03-2023 15:06:50
medium.com;162.159.153.4;OK;1;San Francisco;California;US;37.7621,-122.3971;AS13335 Cloudflare, Inc.;94107;America/Los_Angeles;2.57;20-03-2023 15:06:50
meetic.es;62.23.26.24;OK;1;Paris;Île-de-France;FR;48.8534,2.3488;AS8220 COLT Technology Services Group Limited;75000;Europe/Paris;26.7;20-03-2023 15:06:51
meetme.com;204.145.125.82;OK;1;New York City;New York;US;40.7143,-74.0060;AS46656 MeetMe, Inc.;10004;America/New_York;91.7;20-03-2023 15:06:51
meetup.com;151.101.66.217;OK;2;San Francisco;California;US;37.7621,-122.3971;AS54113 Fastly, Inc.;94107;America/Los_Angeles;3.06;20-03-2023 15:06:52
atresmedia.map.fastly.net;151.101.133.89;OK;1;Madrid;Madrid;ES;40.4165,-3.7026;AS54113 Fastly, Inc.;28001;Europe/Madrid;2.65;20-03-2023 15:06:53
megadede.com;104.21.82.233;OK;1;San Francisco;California;US;37.7621,-122.3971;AS13335 Cloudflare, Inc.;94107;America/Los_Angeles;3.23;20-03-2023 15:06:53
megastar.fm;N/A;N/A;0;N/A;N/A;N/A;0.0,0.0;N/A;0;N/A;0.0;20-03-2023 15:06:53
mejortorrent.com;69.16.230.42;OK;1;Lansing;Michigan;US;42.7325,-84.5555;AS32244 Liquid Web, L.L.C;48901;America/Detroit;115;20-03-2023 15:06:54
mejortorrent.org;N/A;KO;3;N/A;N/A;N/A;0.0,0.0;N/A;0;N/A;0.0;20-03-2023 15:06:54
melodia-fm.com;N/A;N/A;0;N/A;N/A;N/A;0.0,0.0;N/A;0;N/A;0.0;20-03-2023 15:06:54
memopal.com;31.169.105.67;OK;1;Rome;Lazio;IT;41.8919,12.5113;AS197845 WESTPOLE S.P.A.;118;Europe/Rome;39.7;20-03-2023 15:06:55
mercabarna.es;134.0.8.145;OK;1;Madrid;Madrid;ES;40.4165,-3.7026;AS197712 CDmon;28001;Europe/Madrid;13.2;20-03-2023 15:06:55
merchante-solutions.com;N/A;N/A;0;N/A;N/A;N/A;0.0,0.0;N/A;0;N/A;0.0;20-03-2023 15:06:55
cname-app-com-amsproxy.w.mi-dun.com;N/A;KO;3;N/A;N/A;N/A;0.0,0.0;N/A;0;N/A;0.0;20-03-2023 15:06:56
microbank.com;N/A;N/A;0;N/A;N/A;N/A;0.0,0.0;N/A;0;N/A;0.0;20-03-2023 15:06:56
microsoft.com;N/A;N/A;0;N/A;N/A;N/A;0.0,0.0;N/A;0;N/A;0.0;20-03-2023 15:06:56
milanuncios.com;18.67.240.101;OK;1;Madrid;Madrid;ES;40.4165,-3.7026;AS16509 Amazon.com, Inc.;28001;Europe/Madrid;3.50;20-03-2023 15:06:56
miniclip.com;54.192.95.78;OK;1;Madrid;Madrid;ES;40.4165,-3.7026;AS16509 Amazon.com, Inc.;28001;Europe/Madrid;2.92;20-03-2023 15:06:57
mitele.es;N/A;N/A;0;N/A;N/A;N/A;0.0,0.0;N/A;0;N/A;0.0;20-03-2023 15:06:57
mixi.jp;N/A;KO;3;N/A;N/A;N/A;0.0,0.0;N/A;0;N/A;0.0;20-03-2023 15:06:58
mlb.tv;34.102.169.19;OK;1;Kansas City;Missouri;US;39.0997,-94.5786;AS396982 Google LLC;64106;America/Chicago;3.43;20-03-2023 15:06:58
mocospace.com;N/A;N/A;0;N/A;N/A;N/A;0.0,0.0;N/A;0;N/A;0.0;20-03-2023 15:06:58
mondelezinternational.com;N/A;N/A;0;N/A;N/A;N/A;0.0,0.0;N/A;0;N/A;0.0;20-03-2023 15:06:58
moovitapp.com;18.154.22.43;OK;1;Madrid;Madrid;ES;40.4165,-3.7026;AS16509 Amazon.com, Inc.;28001;Europe/Madrid;3.27;20-03-2023 15:06:58
mparticle.com;N/A;N/A;0;N/A;N/A;N/A;0.0,0.0;N/A;0;N/A;0.0;20-03-2023 15:06:58
msn.com;N/A;N/A;0;N/A;N/A;N/A;0.0,0.0;N/A;0;N/A;0.0;20-03-2023 15:06:58
mundodeportivo.com;N/A;KO;3;N/A;N/A;N/A;0.0,0.0;N/A;0;N/A;0.0;20-03-2023 15:06:59
youtube-ui.l.google.com;142.250.178.174;OK;1;Madrid;Madrid;ES;40.4165,-3.7026;AS15169 Google LLC;28001;Europe/Madrid;2.57;20-03-2023 15:07:00
myheritage.es;45.60.11.42;OK;2;Redwood City;California;US;37.5331,-122.2486;AS19551 Incapsula Inc;94065;America/Los_Angeles;95.2;20-03-2023 15:07:00
myspace.com;34.111.176.156;OK;1;Kansas City;Missouri;US;39.0997,-94.5786;AS396982 Google LLC;64106;America/Chicago;2.93;20-03-2023 15:07:01
n26.com;N/A;N/A;0;N/A;N/A;N/A;0.0,0.0;N/A;0;N/A;0.0;20-03-2023 15:07:01
nba.com;N/A;N/A;0;N/A;N/A;N/A;0.0,0.0;N/A;0;N/A;0.0;20-03-2023 15:07:01
atresmedia.map.fastly.net;151.101.133.89;OK;1;Madrid;Madrid;ES;40.4165,-3.7026;AS54113 Fastly, Inc.;28001;Europe/Madrid;2.50;20-03-2023 15:07:01
netflix.com;N/A;N/A;0;N/A;N/A;N/A;0.0,0.0;N/A;0;N/A;0.0;20-03-2023 15:07:01
netsuite.com;N/A;KO;3;N/A;N/A;N/A;0.0,0.0;N/A;0;N/A;0.0;20-03-2023 15:07:02
networksolutions.com;162.159.138.30;OK;1;San Francisco;California;US;37.7621,-122.3971;AS13335 Cloudflare, Inc.;94107;America/Los_Angeles;2.97;20-03-2023 15:07:02
neuvoo.com;N/A;N/A;0;N/A;N/A;N/A;0.0,0.0;N/A;0;N/A;0.0;20-03-2023 15:07:02
nfl.com;151.101.1.153;OK;3;San Francisco;California;US;37.7621,-122.3971;AS54113 Fastly, Inc.;94107;America/Los_Angeles;2.65;20-03-2023 15:07:03
ning.com;208.82.16.81;OK;2;Dallas;Texas;US;32.7831,-96.8067;AS13535 Ning Interactive, Inc.;75201;America/Chicago;122;20-03-2023 15:07:04
nk.pl;76.223.36.217;OK;1;Seattle;Washington;US;47.5413,-122.3129;AS16509 Amazon.com, Inc.;98108;America/Los_Angeles;24.4;20-03-2023 15:07:04
nominalia.com;81.88.58.195;OK;1;La Spezia;Liguria;IT;44.1030,9.8238;AS39729 REGISTER S.P.A.;19100;Europe/Rome;32.7;20-03-2023 15:07:05
atresmedia.map.fastly.net;151.101.133.89;OK;1;Madrid;Madrid;ES;40.4165,-3.7026;AS54113 Fastly, Inc.;28001;Europe/Madrid;2.81;20-03-2023 15:07:05
novartis.com;104.18.1.16;OK;1;San Francisco;California;US;37.7621,-122.3971;AS13335 Cloudflare, Inc.;94107;America/Los_Angeles;2.82;20-03-2023 15:07:05
novobanco.es;N/A;N/A;0;N/A;N/A;N/A;0.0,0.0;N/A;0;N/A;0.0;20-03-2023 15:07:16
ntp.org;204.93.207.22;OK;1;Chicago;Illinois;US;41.8500,-87.6500;AS23352 Server Central Network;60666;America/Chicago;113;20-03-2023 15:07:16
office.com;13.107.6.156;OK;1;Redmond;Washington;US;47.6740,-122.1215;AS8068 Microsoft Corporation;98052;America/Los_Angeles;24.8;20-03-2023 15:07:16
office365.com;N/A;N/A;0;N/A;N/A;N/A;0.0,0.0;N/A;0;N/A;0.0;20-03-2023 15:07:17
ok.ru;217.20.155.13;OK;1;Moscow;Moscow;RU;55.7522,37.6156;AS47764 LLC VK;101000;Europe/Moscow;74.9;20-03-2023 15:07:17
okdiario.com;104.18.18.5;OK;1;San Francisco;California;US;37.7621,-122.3971;AS13335 Cloudflare, Inc.;94107;America/Los_Angeles;2.71;20-03-2023 15:07:17
ondacero.es;N/A;N/A;0;N/A;N/A;N/A;0.0,0.0;N/A;0;N/A;0.0;20-03-2023 15:07:17
one.com;195.47.247.8;OK;1;Copenhagen;Capital Region;DK;55.6664,12.5690;AS51468 One.com A/S;1560;Europe/Copenhagen;34.1;20-03-2023 15:07:18
e12322.b.akamaiedge.net;23.0.118.141;OK;1;Madrid;Madrid;ES;40.4165,-3.7026;AS16625 Akamai Technologies, Inc.;28009;Europe/Madrid;3.03;20-03-2023 15:07:18
openbank.es;18.154.22.26;OK;1;Madrid;Madrid;ES;40.4165,-3.7026;AS16509 Amazon.com, Inc.;28001;Europe/Madrid;3.39;20-03-2023 15:07:19
opendns.com;146.112.62.105;OK;1;Reston;Virginia;US;38.9687,-77.3411;AS36692 Cisco OpenDNS, LLC;20190;America/New_York;96.5;20-03-2023 15:07:19
opendrive.com;N/A;N/A;0;N/A;N/A;N/A;0.0,0.0;N/A;0;N/A;0.0;20-03-2023 15:07:19
openload.co;N/A;N/A;0;N/A;N/A;N/A;0.0,0.0;N/A;0;N/A;0.0;20-03-2023 15:07:19
orange.com;90.84.180.167;OK;1;Paris;Île-de-France;FR;48.8534,2.3488;AS2280 Orange S.A.;75000;Europe/Paris;22.8;20-03-2023 15:07:20
orange.es;62.36.227.81;OK;1;Pozuelo de Alarcón;Madrid;ES;40.4329,-3.8134;AS12715 Orange Espagne SA;28223;Europe/Madrid;5.09;20-03-2023 15:07:20
orangetv.orange.es;N/A;N/A;0;N/A;N/A;N/A;0.0,0.0;N/A;0;N/A;0.0;20-03-2023 15:07:20
outbrain.com;N/A;N/A;0;N/A;N/A;N/A;0.0,0.0;N/A;0;N/A;0.0;20-03-2023 15:07:20
outlook.com;52.96.172.98;OK;3;Boydton;Virginia;US;36.6676,-78.3875;AS8075 Microsoft Corporation;23917;America/New_York;101;20-03-2023 15:07:21
outlook.ha.office365.com;40.101.92.18;OK;1;Marseille;Provence-Alpes-Côte d'Azur;FR;43.2970,5.3811;AS8075 Microsoft Corporation;13000;Europe/Paris;17.2;20-03-2023 15:07:21
ovh.es;N/A;N/A;0;N/A;N/A;N/A;0.0,0.0;N/A;0;N/A;0.0;20-03-2023 15:07:22
parship.es;188.114.97.5;OK;1;San Francisco;California;US;37.7621,-122.3971;AS13335 Cloudflare, Inc.;94107;America/Los_Angeles;3.32;20-03-2023 15:07:22
pay.amazon.com;52.94.232.151;OK;2;Ashburn;Virginia;US;39.0437,-77.4875;AS16509 Amazon.com, Inc.;20147;America/New_York;82.1;20-03-2023 15:07:23
pay.google.com;74.125.133.92;OK;1;Brussels;Brussels Capital;BE;50.8505,4.3488;AS15169 Google LLC;1000;Europe/Brussels;36.5;20-03-2023 15:07:23
paypal.com;N/A;N/A;0;N/A;N/A;N/A;0.0,0.0;N/A;0;N/A;0.0;20-03-2023 15:07:23
pccomponentes.com;104.16.161.71;OK;1;San Francisco;California;US;37.7621,-122.3971;AS13335 Cloudflare, Inc.;94107;America/Los_Angeles;3.10;20-03-2023 15:07:24
periscope.tv;N/A;N/A;0;N/A;N/A;N/A;0.0,0.0;N/A;0;N/A;0.0;20-03-2023 15:07:24
personal.natwest.com;N/A;N/A;0;N/A;N/A;N/A;0.0,0.0;N/A;0;N/A;0.0;20-03-2023 15:07:24
personal.rbs.co.uk;N/A;N/A;0;N/A;N/A;N/A;0.0,0.0;N/A;0;N/A;0.0;20-03-2023 15:07:24
pi-hole.net;N/A;N/A;0;N/A;N/A;N/A;0.0,0.0;N/A;0;N/A;0.0;20-03-2023 15:07:24
pinterest.com;151.101.64.84;OK;2;San Francisco;California;US;37.7621,-122.3971;AS54113 Fastly, Inc.;94107;America/Los_Angeles;2.94;20-03-2023 15:07:25
pisos.com;80.94.3.90;OK;1;Barcelona;Catalonia;ES;41.5333,2.0833;AS39263 Ilimit Comunicacions S.L.;8194;Europe/Madrid;12.3;20-03-2023 15:07:25
pitt.edu;136.142.34.30;OK;1;Pittsburgh;Pennsylvania;US;40.4406,-79.9959;AS4130 University of Pittsburgh;15212;America/New_York;107;20-03-2023 15:07:26
pizzaseo.com;N/A;N/A;0;N/A;N/A;N/A;0.0,0.0;N/A;0;N/A;0.0;20-03-2023 15:07:26
play.foxsportsla.com;N/A;N/A;0;N/A;N/A;N/A;0.0,0.0;N/A;0;N/A;0.0;20-03-2023 15:07:33
play.google.com;142.250.185.14;OK;1;Madrid;Madrid;ES;40.4165,-3.7026;AS15169 Google LLC;28001;Europe/Madrid;2.95;20-03-2023 15:07:33
playstation.com;N/A;N/A;0;N/A;N/A;N/A;0.0,0.0;N/A;0;N/A;0.0;20-03-2023 15:07:33
pornhub.com;66.254.114.41;OK;1;Waltham;Massachusetts;US;42.3986,-71.2451;AS29789 Reflected Networks, Inc.;2451;America/New_York;21.6;20-03-2023 15:07:34
e13321.a.akamaiedge.net;184.84.21.247;OK;1;Madrid;Madrid;ES;40.4165,-3.7026;AS16625 Akamai Technologies, Inc.;28009;Europe/Madrid;2.75;20-03-2023 15:07:34
e16871.a.akamaiedge.net;184.84.26.51;OK;1;Madrid;Madrid;ES;40.4165,-3.7026;AS16625 Akamai Technologies, Inc.;28009;Europe/Madrid;2.83;20-03-2023 15:07:34
powvideo.net;188.114.97.5;OK;1;San Francisco;California;US;37.7621,-122.3971;AS13335 Cloudflare, Inc.;94107;America/Los_Angeles;3.21;20-03-2023 15:07:35
press-start.com;188.114.96.5;OK;1;San Francisco;California;US;37.7621,-122.3971;AS13335 Cloudflare, Inc.;94107;America/Los_Angeles;3.56;20-03-2023 15:07:35
primevideo.com;18.67.240.113;OK;1;Madrid;Madrid;ES;40.4165,-3.7026;AS16509 Amazon.com, Inc.;28001;Europe/Madrid;2.92;20-03-2023 15:07:36
pscp.tv;N/A;N/A;0;N/A;N/A;N/A;0.0,0.0;N/A;0;N/A;0.0;20-03-2023 15:07:36
pubmatic.com;N/A;N/A;0;N/A;N/A;N/A;0.0,0.0;N/A;0;N/A;0.0;20-03-2023 15:07:36
qq.com;N/A;N/A;0;N/A;N/A;N/A;0.0,0.0;N/A;0;N/A;0.0;20-03-2023 15:07:36
qzs.qq.com.sched.legopic2.tdnsv6.com;N/A;KO;3;N/A;N/A;N/A;0.0,0.0;N/A;0;N/A;0.0;20-03-2023 15:07:36
r4.com;N/A;N/A;0;N/A;N/A;N/A;0.0,0.0;N/A;0;N/A;0.0;20-03-2023 15:07:36
racc.es;N/A;N/A;0;N/A;N/A;N/A;0.0,0.0;N/A;0;N/A;0.0;20-03-2023 15:07:37
radio.es;172.66.41.41;OK;1;San Francisco;California;US;37.7621,-122.3971;AS13335 Cloudflare, Inc.;94107;America/Los_Angeles;3.62;20-03-2023 15:07:37
radio-espana.com;N/A;N/A;0;N/A;N/A;N/A;0.0,0.0;N/A;0;N/A;0.0;20-03-2023 15:07:37
radiole.com;13.225.34.32;OK;1;Paris;Île-de-France;FR;48.8534,2.3488;AS16509 Amazon.com, Inc.;75000;Europe/Paris;24.8;20-03-2023 15:07:38
rae.es;172.67.69.61;OK;1;San Francisco;California;US;37.7621,-122.3971;AS13335 Cloudflare, Inc.;94107;America/Los_Angeles;2.97;20-03-2023 15:07:38
raiolanetworks.es;178.211.133.24;OK;1;Madrid;Madrid;ES;40.4165,-3.7026;AS56958 Raiola Networks S.L.;28032;Europe/Madrid;3.59;20-03-2023 15:07:39
rakuten.tv;N/A;N/A;0;N/A;N/A;N/A;0.0,0.0;N/A;0;N/A;0.0;20-03-2023 15:07:39
rapid7.com;18.154.48.88;OK;1;Madrid;Madrid;ES;40.4165,-3.7026;AS16509 Amazon.com, Inc.;28001;Europe/Madrid;3.90;20-03-2023 15:07:39
ravelry.com;192.34.84.3;OK;1;Boston;Massachusetts;US;42.3584,-71.0598;AS33083 AxcelX Technologies LLC;2108;America/New_York;116;20-03-2023 15:07:40
rbcits.com;204.74.99.100;OK;1;Sterling;Virginia;US;38.9814,-77.4723;AS397240 Neustar Security Services;20166;America/New_York;32.4;20-03-2023 15:07:40
reddit.com;151.101.193.140;OK;2;San Francisco;California;US;37.7621,-122.3971;AS54113 Fastly, Inc.;94107;America/Los_Angeles;2.96;20-03-2023 15:07:41
rediris.es;130.206.13.20;OK;1;Madrid;Madrid;ES;40.4165,-3.7026;AS766 Entidad Publica Empresarial Red.es;28001;Europe/Madrid;5.19;20-03-2023 15:07:41
registrar.com;N/A;N/A;0;N/A;N/A;N/A;0.0,0.0;N/A;0;N/A;0.0;20-03-2023 15:07:41
registrygate.com;95.130.22.77;OK;1;Munich;Bavaria;DE;48.1374,11.5755;AS13246 tamiva Ventures GmbH;80331;Europe/Berlin;41.9;20-03-2023 15:07:42
renren.com;N/A;KO;3;N/A;N/A;N/A;0.0,0.0;N/A;0;N/A;0.0;20-03-2023 15:07:42
republicamovil.es;34.120.120.146;OK;1;Kansas City;Missouri;US;39.0997,-94.5786;AS396982 Google LLC;64106;America/Chicago;3.76;20-03-2023 15:07:43
researchgate.net;104.17.33.105;OK;1;San Francisco;California;US;37.7621,-122.3971;AS13335 Cloudflare, Inc.;94107;America/Los_Angeles;3.55;20-03-2023 15:07:43
reverbnation.com;N/A;N/A;0;N/A;N/A;N/A;0.0,0.0;N/A;0;N/A;0.0;20-03-2023 15:07:43
reverso.net;137.74.102.128;OK;1;Lille;Hauts-de-France;FR;50.6330,3.0586;AS16276 OVH SAS;59000;Europe/Paris;22.6;20-03-2023 15:07:44
revistavanityfair.es;212.85.39.85;OK;1;Madrid;Madrid;ES;40.4165,-3.7026;AS12521 Nova Internet S.L.;28001;Europe/Madrid;4.15;20-03-2023 15:07:44
rincondelvago.com;142.93.193.93;OK;3;North Bergen;New Jersey;US;40.8043,-74.0121;AS14061 DigitalOcean, LLC;7047;America/New_York;97.2;20-03-2023 15:07:45
roblox.com;N/A;N/A;0;N/A;N/A;N/A;0.0,0.0;N/A;0;N/A;0.0;20-03-2023 15:07:45
rockfm.fm;N/A;N/A;0;N/A;N/A;N/A;0.0,0.0;N/A;0;N/A;0.0;20-03-2023 15:07:45
rsch.samsungcloudsolution.com;N/A;N/A;0;N/A;N/A;N/A;0.0,0.0;N/A;0;N/A;0.0;20-03-2023 15:07:45
rtve.es;N/A;N/A;0;N/A;N/A;N/A;0.0,0.0;N/A;0;N/A;0.0;20-03-2023 15:07:45
rubiconproject.com;141.193.213.21;OK;1;Austin;Texas;US;30.2672,-97.7431;AS209242 Cloudflare London, LLC;78701;America/Chicago;4.33;20-03-2023 15:07:45
ruralvia.com;N/A;N/A;0;N/A;N/A;N/A;0.0,0.0;N/A;0;N/A;0.0;20-03-2023 15:07:45
sagepay.co.uk;45.60.151.250;OK;2;Redwood City;California;US;37.5331,-122.2486;AS19551 Incapsula Inc;94065;America/Los_Angeles;94.6;20-03-2023 15:07:46
salesforce.com;23.1.106.133;OK;1;Cambridge;Massachusetts;US;42.3620,-71.0830;AS33905 Akamai International B.V.;2142;America/New_York;3.70;20-03-2023 15:07:47
samsung.com;N/A;N/A;0;N/A;N/A;N/A;0.0,0.0;N/A;0;N/A;0.0;20-03-2023 15:07:47
samsungelectronics.com;N/A;N/A;0;N/A;N/A;N/A;0.0,0.0;N/A;0;N/A;0.0;20-03-2023 15:07:47
santanderconsumer.es;45.60.195.69;OK;2;Redwood City;California;US;37.5331,-122.2486;AS19551 Incapsula Inc;94065;America/Los_Angeles;95.5;20-03-2023 15:07:48
sap.com;N/A;N/A;0;N/A;N/A;N/A;0.0,0.0;N/A;0;N/A;0.0;20-03-2023 15:07:48
dnsscan.shadowserver.org;184.105.143.133;OK;2;San Jose;California;US;37.3394,-121.8950;AS6939 Hurricane Electric LLC;95103;America/Los_Angeles;136;20-03-2023 15:07:48
scorecardresearch.com;165.193.78.252;OK;1;Washington;Washington, D.C.;US;38.8951,-77.0364;AS3561 CenturyLink Communications, LLC;20004;America/New_York;97.6;20-03-2023 15:07:49
segundamano.es;18.154.41.85;OK;1;Madrid;Madrid;ES;40.4165,-3.7026;AS16509 Amazon.com, Inc.;28001;Europe/Madrid;3.48;20-03-2023 15:07:49
selfbank.es;N/A;N/A;0;N/A;N/A;N/A;0.0,0.0;N/A;0;N/A;0.0;20-03-2023 15:07:49
seriesblanco.org;N/A;N/A;0;N/A;N/A;N/A;0.0,0.0;N/A;0;N/A;0.0;20-03-2023 15:07:49
seriesgato.xyz;N/A;N/A;0;N/A;N/A;N/A;0.0,0.0;N/A;0;N/A;0.0;20-03-2023 15:07:50
seriespapaya.xyz;N/A;KO;3;N/A;N/A;N/A;0.0,0.0;N/A;0;N/A;0.0;20-03-2023 15:07:50
seriesz.com;23.236.62.147;OK;1;Council Bluffs;Iowa;US;41.2619,-95.8608;AS396982 Google LLC;51502;America/Chicago;100;20-03-2023 15:07:51
sfgate.com;98.129.228.59;OK;3;Dallas;Texas;US;32.7831,-96.8067;AS33070 Rackspace Hosting;75201;America/Chicago;132;20-03-2023 15:07:52
ticketmaster-intl.map.fastly.net;151.101.134.87;OK;1;Madrid;Madrid;ES;40.4165,-3.7026;AS54113 Fastly, Inc.;28001;Europe/Madrid;3.09;20-03-2023 15:07:52
shtyle.fm;N/A;N/A;0;N/A;N/A;N/A;0.0,0.0;N/A;0;N/A;0.0;20-03-2023 15:07:52
simplify.com;N/A;N/A;0;N/A;N/A;N/A;0.0,0.0;N/A;0;N/A;0.0;20-03-2023 15:07:52
simyo.es;35.241.18.41;OK;1;Kansas City;Missouri;US;39.0997,-94.5786;AS15169 Google LLC;64106;America/Chicago;3.40;20-03-2023 15:07:53
siteground.es;34.111.142.145;OK;1;Kansas City;Missouri;US;39.0997,-94.5786;AS396982 Google LLC;64106;America/Chicago;3.01;20-03-2023 15:07:53
skrill.com;N/A;N/A;0;N/A;N/A;N/A;0.0,0.0;N/A;0;N/A;0.0;20-03-2023 15:07:53
sky.es;N/A;KO;3;N/A;N/A;N/A;0.0,0.0;N/A;0;N/A;0.0;20-03-2023 15:07:54
skype.com;N/A;N/A;0;N/A;N/A;N/A;0.0,0.0;N/A;0;N/A;0.0;20-03-2023 15:07:54
skyrock.com;91.203.187.40;OK;1;Paris;Île-de-France;FR;48.8534,2.3488;AS41064 Telefun SAS;75000;Europe/Paris;29.0;20-03-2023 15:07:54
smartadserver.com;192.124.249.163;OK;1;Menifee;California;US;33.7283,-117.1464;AS30148 Sucuri;92584;America/Los_Angeles;25.5;20-03-2023 15:07:55
smartclip.net;18.154.22.23;OK;1;Madrid;Madrid;ES;40.4165,-3.7026;AS16509 Amazon.com, Inc.;28001;Europe/Madrid;2.71;20-03-2023 15:07:55
smartclip.tv;35.198.133.134;OK;1;Frankfurt am Main;Hesse;DE;50.1155,8.6842;AS396982 Google LLC;60306;Europe/Berlin;30.3;20-03-2023 15:07:56
snapchat.com;34.149.46.130;OK;1;Kansas City;Missouri;US;39.0997,-94.5786;AS15169 Google LLC;64106;America/Chicago;2.75;20-03-2023 15:07:56
softonic.com;35.227.233.104;OK;1;Kansas City;Missouri;US;39.0997,-94.5786;AS15169 Google LLC;64106;America/Chicago;3.92;20-03-2023 15:07:57
solteros50.es;93.104.242.20;OK;1;Munich;Bavaria;DE;48.1374,11.5755;AS8767 M-net Telekommunikations GmbH;80331;Europe/Berlin;34.9;20-03-2023 15:07:57
solterosconnivel.es;93.104.242.20;OK;1;Munich;Bavaria;DE;48.1374,11.5755;AS8767 M-net Telekommunikations GmbH;80331;Europe/Berlin;34.6;20-03-2023 15:07:58
sophos.com;95.100.105.185;OK;1;Madrid;Madrid;ES;40.4165,-3.7026;AS20940 Akamai International B.V.;28009;Europe/Madrid;2.96;20-03-2023 15:07:58
soundcloud.com;52.84.150.61;OK;1;Seattle;Washington;US;47.6062,-122.3321;AS16509 Amazon.com, Inc.;98101;America/Los_Angeles;22.5;20-03-2023 15:07:58
sourceforge.net;104.18.10.128;OK;1;San Francisco;California;US;37.7621,-122.3971;AS13335 Cloudflare, Inc.;94107;America/Los_Angeles;2.77;20-03-2023 15:07:59
spideroak.com;N/A;KO;3;N/A;N/A;N/A;0.0,0.0;N/A;0;N/A;0.0;20-03-2023 15:07:59
sport.es;195.76.147.109;OK;1;Madrid;Madrid;ES;40.4655,-3.7376;AS3352 TELEFONICA DE ESPANA S.A.U.;28048;Europe/Madrid;5.56;20-03-2023 15:08:00
sports.sportium.es;N/A;N/A;0;N/A;N/A;N/A;0.0,0.0;N/A;0;N/A;0.0;20-03-2023 15:08:00
web-1823941295.eu-west-1.elb.amazonaws.com;N/A;KO;3;N/A;N/A;N/A;0.0,0.0;N/A;0;N/A;0.0;20-03-2023 15:08:01
spotify.com;35.186.224.25;OK;1;Kansas City;Missouri;US;39.0997,-94.5786;AS15169 Google LLC;64106;America/Chicago;3.78;20-03-2023 15:08:01
startpage.com;89.146.4.148;OK;2;Amsterdam;North Holland;NL;52.3740,4.8897;AS28685 Routit BV;1012;Europe/Amsterdam;35.6;20-03-2023 15:08:02
streamplay.fi;185.58.213.24;OK;1;Copenhagen;Capital Region;DK;55.7086,12.5263;AS201595 mono solutions ApS;2400;Europe/Copenhagen;31.5;20-03-2023 15:08:02
stubhub.es;23.58.159.138;OK;1;Madrid;Madrid;ES;40.4165,-3.7026;AS20940 Akamai International B.V.;28009;Europe/Madrid;3.50;20-03-2023 15:08:02
studivz.net;N/A;N/A;0;N/A;N/A;N/A;0.0,0.0;N/A;0;N/A;0.0;20-03-2023 15:08:04
sugarsync.com;208.94.4.90;OK;2;San Francisco;California;US;37.7309,-122.3886;AS46253 Mudhook Marketing Inc;94124;America/Los_Angeles;156;20-03-2023 15:08:04
T.co;N/A;KO;3;N/A;N/A;N/A;0.0,0.0;N/A;0;N/A;0.0;20-03-2023 15:08:05
tablondeanuncios.com;93.189.36.78;OK;1;Alcorcón;Madrid;ES;40.3458,-3.8249;AS45037 Hispaweb Network;28920;Europe/Madrid;3.75;20-03-2023 15:08:05
taboola.com;151.101.130.132;OK;2;San Francisco;California;US;37.7621,-122.3971;AS54113 Fastly, Inc.;94107;America/Los_Angeles;3.29;20-03-2023 15:08:06
tagged.com;135.84.35.166;OK;2;San Francisco;California;US;37.7974,-122.4001;AS36080 IFWE INC;94111;America/Los_Angeles;156;20-03-2023 15:08:07
taobao.com;N/A;KO;3;N/A;N/A;N/A;0.0,0.0;N/A;0;N/A;0.0;20-03-2023 15:08:08
target.com;151.101.2.187;OK;2;San Francisco;California;US;37.7621,-122.3971;AS54113 Fastly, Inc.;94107;America/Los_Angeles;2.59;20-03-2023 15:08:08
targobank.es;145.226.46.83;OK;1;Rue;Hauts-de-France;FR;50.2715,1.6716;AS8255 Euro-Information-Europeenne de Traitement de l'Information SAS;80120;Europe/Paris;35.1;20-03-2023 15:08:09
taringa.net;104.16.250.39;OK;1;San Francisco;California;US;37.7621,-122.3971;AS13335 Cloudflare, Inc.;94107;America/Los_Angeles;2.83;20-03-2023 15:08:09
teads.tv;N/A;N/A;0;N/A;N/A;N/A;0.0,0.0;N/A;0;N/A;0.0;20-03-2023 15:08:09
telecinco.es;N/A;N/A;0;N/A;N/A;N/A;0.0,0.0;N/A;0;N/A;0.0;20-03-2023 15:08:09
telepizza.es;45.60.47.42;OK;1;Redwood City;California;US;37.5331,-122.2486;AS19551 Incapsula Inc;94065;America/Los_Angeles;3.61;20-03-2023 15:08:10
telly.com;N/A;N/A;0;N/A;N/A;N/A;0.0,0.0;N/A;0;N/A;0.0;20-03-2023 15:08:10
ticketea.com;18.154.22.58;OK;1;Madrid;Madrid;ES;40.4165,-3.7026;AS16509 Amazon.com, Inc.;28001;Europe/Madrid;2.68;20-03-2023 15:08:11
ticketmaster.es;151.101.66.87;OK;1;San Francisco;California;US;37.7621,-122.3971;AS54113 Fastly, Inc.;94107;America/Los_Angeles;2.75;20-03-2023 15:08:11
ticketswap.es;N/A;N/A;0;N/A;N/A;N/A;0.0,0.0;N/A;0;N/A;0.0;20-03-2023 15:08:11
post.n.shifen.com;N/A;KO;3;N/A;N/A;N/A;0.0,0.0;N/A;0;N/A;0.0;20-03-2023 15:08:12
tiktok.com;18.154.41.49;OK;1;Madrid;Madrid;ES;40.4165,-3.7026;AS16509 Amazon.com, Inc.;28001;Europe/Madrid;3.11;20-03-2023 15:08:13
tinder.com;52.84.150.60;OK;1;Seattle;Washington;US;47.6062,-122.3321;AS16509 Amazon.com, Inc.;98101;America/Los_Angeles;24.5;20-03-2023 15:08:13
tourbar.com;78.140.128.247;OK;1;Amsterdam;North Holland;NL;52.3740,4.8897;AS35415 Webzilla B.V.;1012;Europe/Amsterdam;33.6;20-03-2023 15:08:13
trabelin.com;N/A;N/A;0;N/A;N/A;N/A;0.0,0.0;N/A;0;N/A;0.0;20-03-2023 15:08:13
transferwise.com;104.18.168.45;OK;1;San Francisco;California;US;37.7621,-122.3971;AS13335 Cloudflare, Inc.;94107;America/Los_Angeles;3.33;20-03-2023 15:08:14
www3.l.google.com;216.58.209.78;OK;1;Madrid;Madrid;ES;40.4165,-3.7026;AS15169 Google LLC;28001;Europe/Madrid;3.31;20-03-2023 15:08:14
trecetv.es;154.46.42.13;OK;3;Valencia;Valencia;ES;39.4697,-0.3774;AS174 Cogent Communications;46001;Europe/Madrid;7.00;20-03-2023 15:08:15
triodos.es;185.113.196.138;OK;3;Amsterdam;North Holland;NL;52.3740,4.8897;AS8315 Sentia Netherlands BV;1012;Europe/Amsterdam;36.8;20-03-2023 15:08:16
tripadvisor.es;151.101.2.28;OK;1;San Francisco;California;US;37.7621,-122.3971;AS54113 Fastly, Inc.;94107;America/Los_Angeles;2.99;20-03-2023 15:08:16
tumblr.com;N/A;N/A;0;N/A;N/A;N/A;0.0,0.0;N/A;0;N/A;0.0;20-03-2023 15:08:16
aec01.esc.edgetcdn.net;185.103.37.73;OK;1;Madrid;Madrid;ES;40.4165,-3.7026;AS29119 AIRE NETWORKS DEL MEDITERRANEO SL UNIPERSONAL;28001;Europe/Madrid;3.48;20-03-2023 15:08:17
tv.orange.es;N/A;N/A;0;N/A;N/A;N/A;0.0,0.0;N/A;0;N/A;0.0;20-03-2023 15:08:17
tv.youtube.com;142.250.200.78;OK;1;Madrid;Madrid;ES;40.4165,-3.7026;AS15169 Google LLC;28001;Europe/Madrid;3.72;20-03-2023 15:08:17
twitch.tv;151.101.66.167;OK;1;San Francisco;California;US;37.7621,-122.3971;AS54113 Fastly, Inc.;94107;America/Los_Angeles;2.68;20-03-2023 15:08:18
twitter.com;104.244.42.129;OK;1;San Francisco;California;US;37.7725,-122.4147;AS13414 Twitter Inc.;94103;America/Los_Angeles;29.7;20-03-2023 15:08:18
twoo.com;N/A;KO;3;N/A;N/A;N/A;0.0,0.0;N/A;0;N/A;0.0;20-03-2023 15:08:19
uab.cat;N/A;N/A;0;N/A;N/A;N/A;0.0,0.0;N/A;0;N/A;0.0;20-03-2023 15:08:19
uah.es;N/A;N/A;0;N/A;N/A;N/A;0.0,0.0;N/A;0;N/A;0.0;20-03-2023 15:08:19
uam.es;150.244.214.237;OK;1;Madrid;Madrid;ES;40.4165,-3.7026;AS766 Entidad Publica Empresarial Red.es;28001;Europe/Madrid;6.42;20-03-2023 15:08:19
ub.edu;N/A;N/A;0;N/A;N/A;N/A;0.0,0.0;N/A;0;N/A;0.0;20-03-2023 15:08:19
ubereats.com;34.98.127.226;OK;1;Kansas City;Missouri;US;39.0997,-94.5786;AS396982 Google LLC;64106;America/Chicago;3.26;20-03-2023 15:08:20
ubs.com;N/A;N/A;0;N/A;N/A;N/A;0.0,0.0;N/A;0;N/A;0.0;20-03-2023 15:08:20
uc3m.es;N/A;N/A;0;N/A;N/A;N/A;0.0,0.0;N/A;0;N/A;0.0;20-03-2023 15:08:20
uclm.es;N/A;N/A;0;N/A;N/A;N/A;0.0,0.0;N/A;0;N/A;0.0;20-03-2023 15:08:20
ucm.es;N/A;N/A;0;N/A;N/A;N/A;0.0,0.0;N/A;0;N/A;0.0;20-03-2023 15:08:20
udc.es;N/A;N/A;0;N/A;N/A;N/A;0.0,0.0;N/A;0;N/A;0.0;20-03-2023 15:08:20
udg.edu;N/A;N/A;0;N/A;N/A;N/A;0.0,0.0;N/A;0;N/A;0.0;20-03-2023 15:08:20
ugr.es;150.214.27.71;OK;1;Granada;Andalusia;ES;37.1882,-3.6067;AS198096 Junta de Andalucia;18001;Europe/Madrid;18.2;20-03-2023 15:08:20
uib.cat;N/A;N/A;0;N/A;N/A;N/A;0.0,0.0;N/A;0;N/A;0.0;20-03-2023 15:08:20
ull.es;N/A;N/A;0;N/A;N/A;N/A;0.0,0.0;N/A;0;N/A;0.0;20-03-2023 15:08:20
ulpgc.es;N/A;N/A;0;N/A;N/A;N/A;0.0,0.0;N/A;0;N/A;0.0;20-03-2023 15:08:20
um.es;N/A;N/A;0;N/A;N/A;N/A;0.0,0.0;N/A;0;N/A;0.0;20-03-2023 15:08:20
umh.es;N/A;N/A;0;N/A;N/A;N/A;0.0,0.0;N/A;0;N/A;0.0;20-03-2023 15:08:20
unav.edu;N/A;N/A;0;N/A;N/A;N/A;0.0,0.0;N/A;0;N/A;0.0;20-03-2023 15:08:20
unicajabanco.es;N/A;N/A;0;N/A;N/A;N/A;0.0,0.0;N/A;0;N/A;0.0;20-03-2023 15:08:20
unileon.es;193.146.99.94;OK;1;Madrid;Madrid;ES;40.4165,-3.7026;AS766 Entidad Publica Empresarial Red.es;28001;Europe/Madrid;8.39;20-03-2023 15:08:21
uniovi.es;N/A;N/A;0;N/A;N/A;N/A;0.0,0.0;N/A;0;N/A;0.0;20-03-2023 15:08:21
unity.com;23.46.147.153;OK;1;Paris;Île-de-France;FR;48.8534,2.3488;AS20940 Akamai International B.V.;75000;Europe/Paris;18.8;20-03-2023 15:08:21
unity3d.com;92.123.56.41;OK;2;Madrid;Madrid;ES;40.4165,-3.7026;AS16625 Akamai Technologies, Inc.;28009;Europe/Madrid;3.12;20-03-2023 15:08:22
univision.com;N/A;N/A;0;N/A;N/A;N/A;0.0,0.0;N/A;0;N/A;0.0;20-03-2023 15:08:22
unizar.es;155.210.11.37;OK;1;Zaragoza;Aragon;ES;41.6561,-0.8773;AS766 Entidad Publica Empresarial Red.es;50001;Europe/Madrid;14.7;20-03-2023 15:08:22
uoc.edu;N/A;N/A;0;N/A;N/A;N/A;0.0,0.0;N/A;0;N/A;0.0;20-03-2023 15:08:22
upc.edu;147.83.2.135;OK;1;Sant Cugat del Vallès;Catalonia;ES;41.4706,2.0861;AS13041 Consorci de Serveis Universitaris de Catalunya;8171;Europe/Madrid;22.3;20-03-2023 15:08:23
upf.edu;34.160.111.234;OK;1;Kansas City;Missouri;US;39.0997,-94.5786;AS15169 Google LLC;64106;America/Chicago;3.69;20-03-2023 15:08:23
uploaded.net;172.67.149.100;OK;1;San Francisco;California;US;37.7621,-122.3971;AS13335 Cloudflare, Inc.;94107;America/Los_Angeles;3.29;20-03-2023 15:08:24
upm.es;N/A;N/A;0;N/A;N/A;N/A;0.0,0.0;N/A;0;N/A;0.0;20-03-2023 15:08:24
upo.es;N/A;N/A;0;N/A;N/A;N/A;0.0,0.0;N/A;0;N/A;0.0;20-03-2023 15:08:24
urjc.es;212.128.240.50;OK;1;Salamanca;Castille and León;ES;40.9688,-5.6639;AS766 Entidad Publica Empresarial Red.es;37001;Europe/Madrid;5.57;20-03-2023 15:08:24
urv.cat;N/A;N/A;0;N/A;N/A;N/A;0.0,0.0;N/A;0;N/A;0.0;20-03-2023 15:08:24
e5701.ce.akamaiedge.net;95.100.118.74;OK;1;Madrid;Madrid;ES;40.4165,-3.7026;AS16625 Akamai Technologies, Inc.;28009;Europe/Madrid;3.08;20-03-2023 15:08:24
usal.es;N/A;N/A;0;N/A;N/A;N/A;0.0,0.0;N/A;0;N/A;0.0;20-03-2023 15:08:24
vampirefreaks.com;N/A;N/A;0;N/A;N/A;N/A;0.0,0.0;N/A;0;N/A;0.0;20-03-2023 15:08:25
lbf-ext-dc1-nl-b.front.vpgrp.net;185.183.113.101;OK;1;Amsterdam;North Holland;NL;52.3740,4.8897;AS60350 VENTE-PRIVEE.COM SA;1012;Europe/Amsterdam;27.4;20-03-2023 15:08:25
b44110.1.cdn.telefonica.com;N/A;KO;3;N/A;N/A;N/A;0.0,0.0;N/A;0;N/A;0.0;20-03-2023 15:08:26
verisure.es;13.248.207.126;OK;1;Seattle;Washington;US;47.6339,-122.3476;AS16509 Amazon.com, Inc.;98109;America/Los_Angeles;2.57;20-03-2023 15:08:26
verizon.com;192.16.31.89;OK;1;Culver City;California;US;33.9728,-118.4276;AS14153 Edgecast Inc.;90094;America/Los_Angeles;95.7;20-03-2023 15:08:27
vibbo.com;52.84.66.6;OK;1;Madrid;Madrid;ES;40.4165,-3.7026;AS16509 Amazon.com, Inc.;28001;Europe/Madrid;3.49;20-03-2023 15:08:27
victoriamilan.com;N/A;N/A;0;N/A;N/A;N/A;0.0,0.0;N/A;0;N/A;0.0;20-03-2023 15:08:27
vimeo.com;162.159.138.60;OK;1;San Francisco;California;US;37.7621,-122.3971;AS13335 Cloudflare, Inc.;94107;America/Los_Angeles;3.09;20-03-2023 15:08:28
vips.es;N/A;N/A;0;N/A;N/A;N/A;0.0,0.0;N/A;0;N/A;0.0;20-03-2023 15:08:28
vk.com;87.240.132.67;OK;1;Saint Petersburg;St.-Petersburg;RU;59.9386,30.3141;AS47541 VKontakte Ltd;190000;Europe/Moscow;69.8;20-03-2023 15:08:28
vodafone.com;N/A;N/A;0;N/A;N/A;N/A;0.0,0.0;N/A;0;N/A;0.0;20-03-2023 15:08:28
vodafonetvonline.es;N/A;N/A;0;N/A;N/A;N/A;0.0,0.0;N/A;0;N/A;0.0;20-03-2023 15:08:29
d2hu0yt003p47y.cloudfront.net;18.154.41.23;OK;1;Madrid;Madrid;ES;40.4165,-3.7026;AS16509 Amazon.com, Inc.;28001;Europe/Madrid;3.72;20-03-2023 15:08:29
wayn.com;N/A;KO;3;N/A;N/A;N/A;0.0,0.0;N/A;0;N/A;0.0;20-03-2023 15:08:30
web.telegram.org;N/A;N/A;0;N/A;N/A;N/A;0.0,0.0;N/A;0;N/A;0.0;20-03-2023 15:08:30
siv034.unican.es;193.144.193.60;OK;1;Santander;Cantabria;ES;43.4647,-3.8044;AS766 Entidad Publica Empresarial Red.es;39001;Europe/Madrid;12.7;20-03-2023 15:08:30
web1.wechat.com;N/A;KO;3;N/A;N/A;N/A;0.0,0.0;N/A;0;N/A;0.0;20-03-2023 15:08:31
mmx-ds.cdn.whatsapp.net;185.60.219.60;OK;1;Paris;Île-de-France;FR;48.8534,2.3488;AS32934 Facebook, Inc.;75000;Europe/Paris;23.8;20-03-2023 15:08:31
webempresa.com;87.98.229.251;OK;1;Lille;Hauts-de-France;FR;50.6330,3.0586;AS16276 OVH SAS;59000;Europe/Paris;22.6;20-03-2023 15:08:32
webnode.es;N/A;N/A;0;N/A;N/A;N/A;0.0,0.0;N/A;0;N/A;0.0;20-03-2023 15:08:32
websitebuilder.com;N/A;N/A;0;N/A;N/A;N/A;0.0,0.0;N/A;0;N/A;0.0;20-03-2023 15:08:32
wechat.com;N/A;KO;3;N/A;N/A;N/A;0.0,0.0;N/A;0;N/A;0.0;20-03-2023 15:08:33
weebly.com;74.115.50.109;OK;1;San Francisco;California;US;37.7749,-122.4194;AS27647 Weebly, Inc.;94102;America/Los_Angeles;164;20-03-2023 15:08:34
wego.here.com;18.154.41.107;OK;1;Madrid;Madrid;ES;40.4165,-3.7026;AS16509 Amazon.com, Inc.;28001;Europe/Madrid;3.44;20-03-2023 15:08:34
weheartit.com;N/A;KO;3;N/A;N/A;N/A;0.0,0.0;N/A;0;N/A;0.0;20-03-2023 15:08:35
weibo.com;N/A;KO;3;N/A;N/A;N/A;0.0,0.0;N/A;0;N/A;0.0;20-03-2023 15:08:36
whatsapp.com;185.60.219.60;OK;1;Paris;Île-de-France;FR;48.8534,2.3488;AS32934 Facebook, Inc.;75000;Europe/Paris;24.1;20-03-2023 15:08:36
whois.edu.za;192.96.24.1;OK;3;Johannesburg;Gauteng;ZA;-26.2023,28.0436;AS6083 Posix Systems (Pty) Ltd;2041;Africa/Johannesburg;188;20-03-2023 15:08:37
wikipedia.org;185.15.58.224;OK;1;Marseille;Provence-Alpes-Côte d'Azur;FR;43.2970,5.3811;AS14907 Wikimedia Foundation Inc.;13000;Europe/Paris;33.1;20-03-2023 15:08:38
wildwestdomains.com;208.109.192.68;OK;1;Phoenix;Arizona;US;33.4484,-112.0740;AS26496 GoDaddy.com, LLC;85001;America/Phoenix;156;20-03-2023 15:08:38
wish.com;N/A;N/A;0;N/A;N/A;N/A;0.0,0.0;N/A;0;N/A;0.0;20-03-2023 15:08:38
wizink.es;N/A;N/A;0;N/A;N/A;N/A;0.0,0.0;N/A;0;N/A;0.0;20-03-2023 15:08:38
Wordpress.com;192.0.78.17;OK;1;San Francisco;California;US;37.7509,-122.4153;AS2635 Automattic, Inc;94110;America/Los_Angeles;3.71;20-03-2023 15:08:39
wordreference.com;23.111.171.90;OK;1;Tampa;Florida;US;28.0091,-82.5034;AS29802 HIVELOCITY, Inc.;33614;America/New_York;96.9;20-03-2023 15:08:39
worldpay.com;N/A;KO;3;N/A;N/A;N/A;0.0,0.0;N/A;0;N/A;0.0;20-03-2023 15:08:40
wuaki.tv;N/A;N/A;0;N/A;N/A;N/A;0.0,0.0;N/A;0;N/A;0.0;20-03-2023 15:08:40
www.abchina.com;N/A;N/A;0;N/A;N/A;N/A;0.0,0.0;N/A;0;N/A;0.0;20-03-2023 15:08:40
e1066.dscb.akamaiedge.net;23.74.85.53;OK;1;Madrid;Madrid;ES;40.4165,-3.7026;AS16625 Akamai Technologies, Inc.;28009;Europe/Madrid;3.26;20-03-2023 15:08:41
www.boc.cn;N/A;N/A;0;N/A;N/A;N/A;0.0,0.0;N/A;0;N/A;0.0;20-03-2023 15:08:41
www.caixaontinyent.es;N/A;N/A;0;N/A;N/A;N/A;0.0,0.0;N/A;0;N/A;0.0;20-03-2023 15:08:41
www.hefame.es;N/A;N/A;0;N/A;N/A;N/A;0.0,0.0;N/A;0;N/A;0.0;20-03-2023 15:08:41
www.redsys.es;N/A;N/A;0;N/A;N/A;N/A;0.0,0.0;N/A;0;N/A;0.0;20-03-2023 15:08:41
vuala.ua.es;N/A;KO;3;N/A;N/A;N/A;0.0,0.0;N/A;0;N/A;0.0;20-03-2023 15:08:41
ccuma1i.sci.uma.es;N/A;KO;3;N/A;N/A;N/A;0.0,0.0;N/A;0;N/A;0.0;20-03-2023 15:08:42
s159m97.unavarra.es;130.206.159.97;OK;1;Madrid;Madrid;ES;40.4165,-3.7026;AS766 Entidad Publica Empresarial Red.es;28001;Europe/Madrid;21.8;20-03-2023 15:08:42
k8swin.uned.es;62.204.213.111;OK;2;Guadarrama;Madrid;ES;40.6727,-4.0895;AS15630 Universidad Nacional de Educacion a Distancia - UNED;28440;Europe/Madrid;5.72;20-03-2023 15:08:43
www.unirioja.es;N/A;N/A;0;N/A;N/A;N/A;0.0,0.0;N/A;0;N/A;0.0;20-03-2023 15:08:43
ias.cc.upv.es;N/A;KO;3;N/A;N/A;N/A;0.0,0.0;N/A;0;N/A;0.0;20-03-2023 15:08:44
www.us.es;N/A;N/A;0;N/A;N/A;N/A;0.0,0.0;N/A;0;N/A;0.0;20-03-2023 15:08:44
www.usc.es;N/A;N/A;0;N/A;N/A;N/A;0.0,0.0;N/A;0;N/A;0.0;20-03-2023 15:08:44
www.uv.es;147.156.200.249;OK;1;Valencia;Valencia;ES;39.4697,-0.3774;AS766 Entidad Publica Empresarial Red.es;46001;Europe/Madrid;10.4;20-03-2023 15:08:44
e7778.dsca.akamaiedge.net;23.73.169.167;OK;1;Madrid;Madrid;ES;40.4165,-3.7026;AS16625 Akamai Technologies, Inc.;28009;Europe/Madrid;2.72;20-03-2023 15:08:45
xataka.com;54.192.95.34;OK;1;Madrid;Madrid;ES;40.4165,-3.7026;AS16509 Amazon.com, Inc.;28001;Europe/Madrid;3.46;20-03-2023 15:08:45
xbox.com;N/A;N/A;0;N/A;N/A;N/A;0.0,0.0;N/A;0;N/A;0.0;20-03-2023 15:08:45
xbyorange.com;N/A;N/A;0;N/A;N/A;N/A;0.0,0.0;N/A;0;N/A;0.0;20-03-2023 15:08:45
xhamster.com;104.18.156.3;OK;1;San Francisco;California;US;37.7621,-122.3971;AS13335 Cloudflare, Inc.;94107;America/Los_Angeles;3.02;20-03-2023 15:08:45
xing.com;N/A;N/A;0;N/A;N/A;N/A;0.0,0.0;N/A;0;N/A;0.0;20-03-2023 15:08:45
xnxx.com;N/A;N/A;0;N/A;N/A;N/A;0.0,0.0;N/A;0;N/A;0.0;20-03-2023 15:08:45
xvideos.com;N/A;N/A;0;N/A;N/A;N/A;0.0,0.0;N/A;0;N/A;0.0;20-03-2023 15:08:45
yahoo.com;74.6.231.20;OK;1;Omaha;Nebraska;US;41.2563,-95.9404;AS36646 Oath Holdings Inc.;68101;America/Chicago;125;20-03-2023 15:08:46
yelmocines.es;N/A;N/A;0;N/A;N/A;N/A;0.0,0.0;N/A;0;N/A;0.0;20-03-2023 15:08:46
yelp.es;N/A;N/A;0;N/A;N/A;N/A;0.0,0.0;N/A;0;N/A;0.0;20-03-2023 15:08:46
yola.com;104.18.126.89;OK;1;San Francisco;California;US;37.7621,-122.3971;AS13335 Cloudflare, Inc.;94107;America/Los_Angeles;3.06;20-03-2023 15:08:47
youtube.com;216.58.215.174;OK;1;Madrid;Madrid;ES;40.4165,-3.7026;AS15169 Google LLC;28001;Europe/Madrid;4.36;20-03-2023 15:08:47
youtube.es;142.250.185.14;OK;1;Madrid;Madrid;ES;40.4165,-3.7026;AS15169 Google LLC;28001;Europe/Madrid;3.46;20-03-2023 15:08:48
yowi.tv;94.130.107.172;OK;1;Nürnberg;Bavaria;DE;49.4542,11.0775;AS24940 Hetzner Online GmbH;90402;Europe/Berlin;42.7;20-03-2023 15:08:48
yy.com;N/A;KO;3;N/A;N/A;N/A;0.0,0.0;N/A;0;N/A;0.0;20-03-2023 15:08:50
zalando.es;34.111.24.118;OK;1;Kansas City;Missouri;US;39.0997,-94.5786;AS396982 Google LLC;64106;America/Chicago;3.98;20-03-2023 15:08:50
www.zara.com;23.58.159.147;OK;1;Madrid;Madrid;ES;40.4165,-3.7026;AS20940 Akamai International B.V.;28009;Europe/Madrid;2.77;20-03-2023 15:08:50
zippyshare.com;N/A;N/A;0;N/A;N/A;N/A;0.0,0.0;N/A;0;N/A;0.0;20-03-2023 15:08:51
zuora.com;N/A;N/A;0;N/A;N/A;N/A;0.0,0.0;N/A;0;N/A;0.0;20-03-2023 15:08:51
