host;public_ip;status;attempts;city;region;country;source_point;destination;ASN;ISP;postal;timezone;latency (ms);date
2checkout.com;N/A;N/A;0;N/A;N/A;N/A;40.4165,-3.7026;0.0, 0.0;N/A;N/A;0;N/A;0.0;16-05-2023 15:26:35
500px.com;N/A;N/A;0;N/A;N/A;N/A;40.4165,-3.7026;0.0, 0.0;N/A;N/A;0;N/A;0.0;16-05-2023 15:26:35
20minutos.es;18.154.22.47;OK;1;Madrid;Madrid;ES;40.4165,-3.7026;40.4165,-3.7026;AS16509;Amazon.com, Inc.;28001;Europe/Madrid;2.90;16-05-2023 15:26:36
101domain.com;104.23.139.9;OK;1;San Francisco;California;US;40.4165,-3.7026;37.7621,-122.3971;AS13335;Cloudflare, Inc.;94107;America/Los_Angeles;3.40;16-05-2023 15:26:36
abc.es;23.200.66.154;OK;1;Madrid;Madrid;ES;40.4165,-3.7026;40.4165,-3.7026;AS20940;Akamai International B.V.;28001;Europe/Madrid;2.95;16-05-2023 15:26:36
abacus.coop;104.16.62.20;OK;1;San Francisco;California;US;40.4165,-3.7026;37.7621,-122.3971;AS13335;Cloudflare, Inc.;94107;America/Los_Angeles;2.91;16-05-2023 15:26:36
accenture.com;N/A;N/A;0;N/A;N/A;N/A;40.4165,-3.7026;0.0, 0.0;N/A;N/A;0;N/A;0.0;16-05-2023 15:26:36
abanca.com;213.170.41.173;OK;2;Madrid;Madrid;ES;40.4165,-3.7026;40.4165,-3.7026;AS16203;NCG Banco;28050;Europe/Madrid;18.3;16-05-2023 15:26:36
accounts.google.com;172.217.168.173;OK;1;Madrid;Madrid;ES;40.4165,-3.7026;40.4165,-3.7026;AS15169;Google LLC;28001;Europe/Madrid;3.19;16-05-2023 15:26:36
academia.edu;54.192.95.5;OK;1;Madrid;Madrid;ES;40.4165,-3.7026;40.4165,-3.7026;AS16509;Amazon.com, Inc.;28001;Europe/Madrid;3.61;16-05-2023 15:26:36
adoptauntio.es;N/A;N/A;0;N/A;N/A;N/A;40.4165,-3.7026;0.0, 0.0;N/A;N/A;0;N/A;0.0;16-05-2023 15:26:36
agenciatributaria.es;N/A;N/A;0;N/A;N/A;N/A;40.4165,-3.7026;0.0, 0.0;N/A;N/A;0;N/A;0.0;16-05-2023 15:26:36
4shared.com;204.155.149.43;OK;3;Dallas;Texas;US;40.4165,-3.7026;32.7831,-96.8067;AS40824;Webzilla Inc.;75201;America/Chicago;128;16-05-2023 15:26:36
airbnb.es;N/A;N/A;0;N/A;N/A;N/A;40.4165,-3.7026;0.0, 0.0;N/A;N/A;0;N/A;0.0;16-05-2023 15:26:36
accuweather.com;2.16.78.41;OK;1;Madrid;Madrid;ES;40.4165,-3.7026;40.4165,-3.7026;AS16625;Akamai Technologies, Inc.;28001;Europe/Madrid;3.74;16-05-2023 15:26:36
abv.bg;194.153.145.104;OK;3;Sofia;Sofia-Capital;BG;40.4165,-3.7026;42.6975,23.3241;AS13147;Net Info JSCo;1000;Europe/Sofia;53.3;16-05-2023 15:26:36
agame.com;104.21.78.214;OK;1;San Francisco;California;US;40.4165,-3.7026;37.7621,-122.3971;AS13335;Cloudflare, Inc.;94107;America/Los_Angeles;2.87;16-05-2023 15:26:36
prod-web.eu-west-1.elasticbeanstalk.com;N/A;KO;3;N/A;N/A;N/A;40.4165,-3.7026;0.0, 0.0;N/A;N/A;0;N/A;0.0;16-05-2023 15:26:37
amena.com;N/A;N/A;0;N/A;N/A;N/A;40.4165,-3.7026;0.0, 0.0;N/A;N/A;0;N/A;0.0;16-05-2023 15:26:37
akamai.com;104.83.83.139;OK;1;Milan;Lombardy;IT;40.4165,-3.7026;45.4643,9.1895;AS16625;Akamai Technologies, Inc.;20121;Europe/Rome;31.1;16-05-2023 15:26:37
aliexpress.com;N/A;KO;3;N/A;N/A;N/A;40.4165,-3.7026;0.0, 0.0;N/A;N/A;0;N/A;0.0;16-05-2023 15:26:37
amazon.com;54.239.28.85;OK;1;Ashburn;Virginia;US;40.4165,-3.7026;39.0437,-77.4875;AS16509;Amazon.com, Inc.;20147;America/New_York;83.4;16-05-2023 15:26:37
antena3.com;N/A;N/A;0;N/A;N/A;N/A;40.4165,-3.7026;0.0, 0.0;N/A;N/A;0;N/A;0.0;16-05-2023 15:26:37
akf.de;92.204.236.87;OK;3;Strasbourg;Grand Est;FR;40.4165,-3.7026;48.5839,7.7455;AS8972;Host Europe GmbH;67022 CEDEX 1;Europe/Paris;32.8;16-05-2023 15:26:37
anuncios.es;N/A;N/A;0;N/A;N/A;N/A;40.4165,-3.7026;0.0, 0.0;N/A;N/A;0;N/A;0.0;16-05-2023 15:26:37
aparat.com;N/A;N/A;0;N/A;N/A;N/A;40.4165,-3.7026;0.0, 0.0;N/A;N/A;0;N/A;0.0;16-05-2023 15:26:37
appcenter.ms;N/A;N/A;0;N/A;N/A;N/A;40.4165,-3.7026;0.0, 0.0;N/A;N/A;0;N/A;0.0;16-05-2023 15:26:37
apple.com;N/A;N/A;0;N/A;N/A;N/A;40.4165,-3.7026;0.0, 0.0;N/A;N/A;0;N/A;0.0;16-05-2023 15:26:37
analytics.google.com;142.250.200.78;OK;1;Madrid;Madrid;ES;40.4165,-3.7026;40.4165,-3.7026;AS15169;Google LLC;28001;Europe/Madrid;3.64;16-05-2023 15:26:37
appsflyer.com;N/A;N/A;0;N/A;N/A;N/A;40.4165,-3.7026;0.0, 0.0;N/A;N/A;0;N/A;0.0;16-05-2023 15:26:37
amp.dev;75.2.60.5;OK;2;Seattle;Washington;US;40.4165,-3.7026;47.5413,-122.3129;AS16509;Amazon.com, Inc.;98108;America/Los_Angeles;3.60;16-05-2023 15:26:37
amazon.es;54.239.33.90;OK;2;Dublin;Leinster;IE;40.4165,-3.7026;53.3331,-6.2489;AS16509;Amazon.com, Inc.;D02;Europe/Dublin;39.7;16-05-2023 15:26:37
aresbank.es;N/A;N/A;0;N/A;N/A;N/A;40.4165,-3.7026;0.0, 0.0;N/A;N/A;0;N/A;0.0;16-05-2023 15:26:37
android.com;142.250.200.68;OK;1;Madrid;Madrid;ES;40.4165,-3.7026;40.4165,-3.7026;AS15169;Google LLC;28001;Europe/Madrid;2.81;16-05-2023 15:26:37
arvixe.com;N/A;N/A;0;N/A;N/A;N/A;40.4165,-3.7026;0.0, 0.0;N/A;N/A;0;N/A;0.0;16-05-2023 15:26:37
arabbank.com;N/A;N/A;0;N/A;N/A;N/A;40.4165,-3.7026;0.0, 0.0;N/A;N/A;0;N/A;0.0;16-05-2023 15:26:37
anydesk.com;108.157.109.38;OK;1;Madrid;Madrid;ES;40.4165,-3.7026;40.4165,-3.7026;AS16509;Amazon.com, Inc.;28001;Europe/Madrid;3.41;16-05-2023 15:26:37
asmallworld.com;N/A;N/A;0;N/A;N/A;N/A;40.4165,-3.7026;0.0, 0.0;N/A;N/A;0;N/A;0.0;16-05-2023 15:26:37
as.com;2.21.37.42;OK;1;Madrid;Madrid;ES;40.4165,-3.7026;40.4165,-3.7026;AS20940;Akamai International B.V.;28001;Europe/Madrid;3.24;16-05-2023 15:26:38
atrapalo.com;N/A;N/A;0;N/A;N/A;N/A;40.4165,-3.7026;0.0, 0.0;N/A;N/A;0;N/A;0.0;16-05-2023 15:26:38
ashleymadison.com;104.16.119.62;OK;1;San Francisco;California;US;40.4165,-3.7026;37.7621,-122.3971;AS13335;Cloudflare, Inc.;94107;America/Los_Angeles;2.89;16-05-2023 15:26:38
atresplayer.com;N/A;N/A;0;N/A;N/A;N/A;40.4165,-3.7026;0.0, 0.0;N/A;N/A;0;N/A;0.0;16-05-2023 15:26:38
arsys.es;217.76.128.28;OK;2;Madrid;Madrid;ES;40.4165,-3.7026;40.4165,-3.7026;AS8560;IONOS SE;28001;Europe/Madrid;3.52;16-05-2023 15:26:38
asos.com;23.200.66.162;OK;1;Madrid;Madrid;ES;40.4165,-3.7026;40.4165,-3.7026;AS20940;Akamai International B.V.;28001;Europe/Madrid;3.65;16-05-2023 15:26:38
applovin.com;141.193.213.21;OK;3;Austin;Texas;US;40.4165,-3.7026;30.2672,-97.7431;AS209242;Cloudflare London, LLC;78701;America/Chicago;2.77;16-05-2023 15:26:38
arsys.com;N/A;KO;3;N/A;N/A;N/A;40.4165,-3.7026;0.0, 0.0;N/A;N/A;0;N/A;0.0;16-05-2023 15:26:38
badoo.com;N/A;N/A;0;N/A;N/A;N/A;40.4165,-3.7026;0.0, 0.0;N/A;N/A;0;N/A;0.0;16-05-2023 15:26:38
authorize.net;162.159.153.2;OK;1;San Francisco;California;US;40.4165,-3.7026;37.7621,-122.3971;AS13335;Cloudflare, Inc.;94107;America/Los_Angeles;2.67;16-05-2023 15:26:38
bancofar.es;N/A;N/A;0;N/A;N/A;N/A;40.4165,-3.7026;0.0, 0.0;N/A;N/A;0;N/A;0.0;16-05-2023 15:26:38
bancopichincha.es;N/A;N/A;0;N/A;N/A;N/A;40.4165,-3.7026;0.0, 0.0;N/A;N/A;0;N/A;0.0;16-05-2023 15:26:38
avast.com;23.39.78.61;OK;1;Madrid;Madrid;ES;40.4165,-3.7026;40.4165,-3.7026;AS16625;Akamai Technologies, Inc.;28001;Europe/Madrid;3.09;16-05-2023 15:26:38
n.sni.global.fastly.net;151.101.133.91;OK;2;Madrid;Madrid;ES;40.4165,-3.7026;40.4165,-3.7026;AS54113;Fastly, Inc.;28001;Europe/Madrid;2.89;16-05-2023 15:26:38
dr49lng3n1n2s.cloudfront.net;18.67.238.68;OK;1;Madrid;Madrid;ES;40.4165,-3.7026;40.4165,-3.7026;AS16509;Amazon.com, Inc.;28001;Europe/Madrid;2.84;16-05-2023 15:26:38
avg.com;185.189.92.41;OK;1;Prague;Hlavní město Praha;CZ;40.4165,-3.7026;50.0880,14.4208;AS198605;AVAST Software s.r.o.;110 00;Europe/Prague;50.4;16-05-2023 15:26:39
bankia.es;N/A;N/A;0;N/A;N/A;N/A;40.4165,-3.7026;0.0, 0.0;N/A;N/A;0;N/A;0.0;16-05-2023 15:26:39
bankinter.com;N/A;N/A;0;N/A;N/A;N/A;40.4165,-3.7026;0.0, 0.0;N/A;N/A;0;N/A;0.0;16-05-2023 15:26:39
bankoa.es;N/A;N/A;0;N/A;N/A;N/A;40.4165,-3.7026;0.0, 0.0;N/A;N/A;0;N/A;0.0;16-05-2023 15:26:39
baidu.com;N/A;KO;3;N/A;N/A;N/A;40.4165,-3.7026;0.0, 0.0;N/A;N/A;0;N/A;0.0;16-05-2023 15:26:39
bantierra.es;N/A;N/A;0;N/A;N/A;N/A;40.4165,-3.7026;0.0, 0.0;N/A;N/A;0;N/A;0.0;16-05-2023 15:26:39
bankofbeijing.com.cn;N/A;N/A;0;N/A;N/A;N/A;40.4165,-3.7026;0.0, 0.0;N/A;N/A;0;N/A;0.0;16-05-2023 15:26:39
bancosantander.es;104.102.20.54;OK;1;Frankfurt am Main;Hesse;DE;40.4165,-3.7026;50.1155,8.6842;AS16625;Akamai Technologies, Inc.;60306;Europe/Berlin;31.5;16-05-2023 15:26:39
be.ceca.es;N/A;N/A;0;N/A;N/A;N/A;40.4165,-3.7026;0.0, 0.0;N/A;N/A;0;N/A;0.0;16-05-2023 15:26:39
bancopopular.es;45.60.104.180;OK;2;Toronto;Ontario;CA;40.4165,-3.7026;43.7001,-79.4163;AS19551;Incapsula Inc;M5A;America/Toronto;108;16-05-2023 15:26:39
bancsabadell.com;45.148.222.10;OK;2;Madrid;Madrid;ES;40.4165,-3.7026;40.4165,-3.7026;AS60813;Banco Sabadell;28001;Europe/Madrid;4.36;16-05-2023 15:26:39
bandcamp.com;151.101.2.132;OK;2;San Francisco;California;US;40.4165,-3.7026;37.7621,-122.3971;AS54113;Fastly, Inc.;94107;America/Los_Angeles;3.16;16-05-2023 15:26:39
bemad.es;N/A;N/A;0;N/A;N/A;N/A;40.4165,-3.7026;0.0, 0.0;N/A;N/A;0;N/A;0.0;16-05-2023 15:26:39
barclays.co.uk;184.85.198.208;OK;1;Madrid;Madrid;ES;40.4165,-3.7026;40.4165,-3.7026;AS16625;Akamai Technologies, Inc.;28001;Europe/Madrid;2.90;16-05-2023 15:26:39
bbva.es;95.100.116.91;OK;1;Madrid;Madrid;ES;40.4165,-3.7026;40.4165,-3.7026;AS16625;Akamai Technologies, Inc.;28001;Europe/Madrid;2.79;16-05-2023 15:26:39
beinconnect.es;18.154.41.35;OK;1;Madrid;Madrid;ES;40.4165,-3.7026;40.4165,-3.7026;AS16509;Amazon.com, Inc.;28001;Europe/Madrid;3.15;16-05-2023 15:26:40
bebee.com;62.97.142.16;OK;1;Madrid;Madrid;ES;40.4165,-3.7026;40.4165,-3.7026;AS9165;PROSODIE IBERICA SL;28001;Europe/Madrid;3.81;16-05-2023 15:26:40
be2.es;93.104.242.20;OK;2;Thannhausen;Bavaria;DE;40.4165,-3.7026;48.2833,10.4692;AS8767;M-net Telekommunikations GmbH;86470;Europe/Berlin;34.9;16-05-2023 15:26:40
bing.com;13.107.21.200;OK;1;Redmond;Washington;US;40.4165,-3.7026;47.6740,-122.1215;AS8068;Microsoft Corporation;98052;America/Los_Angeles;3.21;16-05-2023 15:26:40
bet365.es;5.226.179.12;OK;2;Basford, Stoke-on-Trent;England;GB;40.4165,-3.7026;53.0163,-2.2123;AS209242;Cloudflare London, LLC;ST5;Europe/London;2.66;16-05-2023 15:26:40
bmce-intl.com;N/A;N/A;0;N/A;N/A;N/A;40.4165,-3.7026;0.0, 0.0;N/A;N/A;0;N/A;0.0;16-05-2023 15:26:40
blogger.com;216.58.215.137;OK;1;Madrid;Madrid;ES;40.4165,-3.7026;40.4165,-3.7026;AS15169;Google LLC;28001;Europe/Madrid;3.23;16-05-2023 15:26:40
bnl.it;N/A;N/A;0;N/A;N/A;N/A;40.4165,-3.7026;0.0, 0.0;N/A;N/A;0;N/A;0.0;16-05-2023 15:26:40
boing.es;N/A;N/A;0;N/A;N/A;N/A;40.4165,-3.7026;0.0, 0.0;N/A;N/A;0;N/A;0.0;16-05-2023 15:26:40
booking.com;N/A;N/A;0;N/A;N/A;N/A;40.4165,-3.7026;0.0, 0.0;N/A;N/A;0;N/A;0.0;16-05-2023 15:26:40
Blogspot.com;142.250.184.169;OK;1;Madrid;Madrid;ES;40.4165,-3.7026;40.4165,-3.7026;AS15169;Google LLC;28001;Europe/Madrid;3.07;16-05-2023 15:26:40
bluehost.com;104.18.28.109;OK;1;San Francisco;California;US;40.4165,-3.7026;37.7621,-122.3971;AS13335;Cloudflare, Inc.;94107;America/Los_Angeles;3.65;16-05-2023 15:26:40
blogs.route53.opera.com;N/A;KO;3;N/A;N/A;N/A;40.4165,-3.7026;0.0, 0.0;N/A;N/A;0;N/A;0.0;16-05-2023 15:26:40
cadena100.es;N/A;N/A;0;N/A;N/A;N/A;40.4165,-3.7026;0.0, 0.0;N/A;N/A;0;N/A;0.0;16-05-2023 15:26:40
buysellads.com;N/A;N/A;0;N/A;N/A;N/A;40.4165,-3.7026;0.0, 0.0;N/A;N/A;0;N/A;0.0;16-05-2023 15:26:40
bnpparibas.es;184.84.31.228;OK;1;Madrid;Madrid;ES;40.4165,-3.7026;40.4165,-3.7026;AS16625;Akamai Technologies, Inc.;28001;Europe/Madrid;2.53;16-05-2023 15:26:40
cadenadial.com;N/A;N/A;0;N/A;N/A;N/A;40.4165,-3.7026;0.0, 0.0;N/A;N/A;0;N/A;0.0;16-05-2023 15:26:40
caixabank.com;N/A;N/A;0;N/A;N/A;N/A;40.4165,-3.7026;0.0, 0.0;N/A;N/A;0;N/A;0.0;16-05-2023 15:26:40
caixabank.es;N/A;N/A;0;N/A;N/A;N/A;40.4165,-3.7026;0.0, 0.0;N/A;N/A;0;N/A;0.0;16-05-2023 15:26:40
canalextremadura.es;N/A;N/A;0;N/A;N/A;N/A;40.4165,-3.7026;0.0, 0.0;N/A;N/A;0;N/A;0.0;16-05-2023 15:26:40
canalsur.es;N/A;N/A;0;N/A;N/A;N/A;40.4165,-3.7026;0.0, 0.0;N/A;N/A;0;N/A;0.0;16-05-2023 15:26:40
burguerkingencasa.es;N/A;N/A;0;N/A;N/A;N/A;40.4165,-3.7026;0.0,0.0;N/A;N/A;N/A;N/A;0.0;16-05-2023 15:26:40
carbonads.net;N/A;N/A;0;N/A;N/A;N/A;40.4165,-3.7026;0.0, 0.0;N/A;N/A;0;N/A;0.0;16-05-2023 15:26:40
care2.com;N/A;N/A;0;N/A;N/A;N/A;40.4165,-3.7026;0.0, 0.0;N/A;N/A;0;N/A;0.0;16-05-2023 15:26:40
casadellibro.com;N/A;N/A;0;N/A;N/A;N/A;40.4165,-3.7026;0.0, 0.0;N/A;N/A;0;N/A;0.0;16-05-2023 15:26:40
casalemedia.com;N/A;N/A;0;N/A;N/A;N/A;40.4165,-3.7026;0.0, 0.0;N/A;N/A;0;N/A;0.0;16-05-2023 15:26:40
bmcebank.ma;212.217.29.195;OK;3;Abadou;Marrakesh-Safi;MA;40.4165,-3.7026;31.5792,-7.3131;AS6713;Office National des Postes et Telecommunications ONPT (Maroc Telecom) / IAM;42072;Africa/Casablanca;23.1;16-05-2023 15:26:41
cashparking.com;N/A;N/A;0;N/A;N/A;N/A;40.4165,-3.7026;0.0, 0.0;N/A;N/A;0;N/A;0.0;16-05-2023 15:26:41
ccma.cat;N/A;N/A;0;N/A;N/A;N/A;40.4165,-3.7026;0.0, 0.0;N/A;N/A;0;N/A;0.0;16-05-2023 15:26:41
buzznet.com;N/A;KO;3;N/A;N/A;N/A;40.4165,-3.7026;0.0, 0.0;N/A;N/A;0;N/A;0.0;16-05-2023 15:26:41
cadenaser.com;2.21.37.9;OK;1;Madrid;Madrid;ES;40.4165,-3.7026;40.4165,-3.7026;AS20940;Akamai International B.V.;28001;Europe/Madrid;3.11;16-05-2023 15:26:41
cecabank.es;N/A;N/A;0;N/A;N/A;N/A;40.4165,-3.7026;0.0, 0.0;N/A;N/A;0;N/A;0.0;16-05-2023 15:26:41
caringbridge.org;108.157.109.31;OK;1;Madrid;Madrid;ES;40.4165,-3.7026;40.4165,-3.7026;AS16509;Amazon.com, Inc.;28001;Europe/Madrid;2.92;16-05-2023 15:26:41
cashconverters.es;108.157.98.48;OK;1;Madrid;Madrid;ES;40.4165,-3.7026;40.4165,-3.7026;AS16509;Amazon.com, Inc.;28001;Europe/Madrid;5.46;16-05-2023 15:26:41
callstats.io;N/A;KO;3;N/A;N/A;N/A;40.4165,-3.7026;0.0, 0.0;N/A;N/A;0;N/A;0.0;16-05-2023 15:26:41
clarin.com;N/A;N/A;0;N/A;N/A;N/A;40.4165,-3.7026;0.0, 0.0;N/A;N/A;0;N/A;0.0;16-05-2023 15:26:41
c-date.es;93.104.242.20;OK;1;Thannhausen;Bavaria;DE;40.4165,-3.7026;48.2833,10.4692;AS8767;M-net Telekommunikations GmbH;86470;Europe/Berlin;34.3;16-05-2023 15:26:41
cliver.tv;N/A;N/A;0;N/A;N/A;N/A;40.4165,-3.7026;0.0,0.0;N/A;N/A;N/A;N/A;0.0;16-05-2023 15:26:41
cloob.com;N/A;N/A;0;N/A;N/A;N/A;40.4165,-3.7026;0.0, 0.0;N/A;N/A;0;N/A;0.0;16-05-2023 15:26:41
cdkeys.com;104.26.15.122;OK;1;San Francisco;California;US;40.4165,-3.7026;37.7621,-122.3971;AS13335;Cloudflare, Inc.;94107;America/Los_Angeles;2.69;16-05-2023 15:26:41
cinesa.es;104.18.27.207;OK;1;San Francisco;California;US;40.4165,-3.7026;37.7621,-122.3971;AS13335;Cloudflare, Inc.;94107;America/Los_Angeles;2.80;16-05-2023 15:26:41
comercios.ceca.es;N/A;N/A;0;N/A;N/A;N/A;40.4165,-3.7026;0.0, 0.0;N/A;N/A;0;N/A;0.0;16-05-2023 15:26:41
chinafm.es;217.13.94.225;OK;1;Valencia;Valencia;ES;40.4165,-3.7026;39.4697,-0.3774;AS25487;Digital Value SL;46001;Europe/Madrid;8.95;16-05-2023 15:26:41
comlaude.com;N/A;N/A;0;N/A;N/A;N/A;40.4165,-3.7026;0.0, 0.0;N/A;N/A;0;N/A;0.0;16-05-2023 15:26:41
classmates.com;104.18.25.23;OK;1;San Francisco;California;US;40.4165,-3.7026;37.7621,-122.3971;AS13335;Cloudflare, Inc.;94107;America/Los_Angeles;2.77;16-05-2023 15:26:41
cope.es;N/A;N/A;0;N/A;N/A;N/A;40.4165,-3.7026;0.0, 0.0;N/A;N/A;0;N/A;0.0;16-05-2023 15:26:41
couchsurfing.com;N/A;N/A;0;N/A;N/A;N/A;40.4165,-3.7026;0.0, 0.0;N/A;N/A;0;N/A;0.0;16-05-2023 15:26:41
crashlytics.com;N/A;N/A;0;N/A;N/A;N/A;40.4165,-3.7026;0.0, 0.0;N/A;N/A;0;N/A;0.0;16-05-2023 15:26:41
cherryroad.com;N/A;KO;3;N/A;N/A;N/A;40.4165,-3.7026;0.0, 0.0;N/A;N/A;0;N/A;0.0;16-05-2023 15:26:42
crtvg.es;N/A;N/A;0;N/A;N/A;N/A;40.4165,-3.7026;0.0, 0.0;N/A;N/A;0;N/A;0.0;16-05-2023 15:26:42
coches.net;54.192.95.85;OK;1;Madrid;Madrid;ES;40.4165,-3.7026;40.4165,-3.7026;AS16509;Amazon.com, Inc.;28001;Europe/Madrid;3.79;16-05-2023 15:26:42
cuatro.com;N/A;N/A;0;N/A;N/A;N/A;40.4165,-3.7026;0.0, 0.0;N/A;N/A;0;N/A;0.0;16-05-2023 15:26:42
db.com;N/A;N/A;0;N/A;N/A;N/A;40.4165,-3.7026;0.0, 0.0;N/A;N/A;0;N/A;0.0;16-05-2023 15:26:42
dbonline.deutsche-bank.es;N/A;N/A;0;N/A;N/A;N/A;40.4165,-3.7026;0.0, 0.0;N/A;N/A;0;N/A;0.0;16-05-2023 15:26:42
deezer.com;N/A;N/A;0;N/A;N/A;N/A;40.4165,-3.7026;0.0, 0.0;N/A;N/A;0;N/A;0.0;16-05-2023 15:26:42
cootlogix.com;34.117.168.233;OK;1;Kansas City;Missouri;US;40.4165,-3.7026;39.0997,-94.5786;AS396982;Google LLC;64106;America/Chicago;2.81;16-05-2023 15:26:42
cnnespanol.go-vip.net;192.0.66.142;OK;2;San Francisco;California;US;40.4165,-3.7026;37.7509,-122.4153;AS2635;Automattic, Inc;94110;America/Los_Angeles;3.27;16-05-2023 15:26:42
constantcontact.com;208.75.122.14;OK;2;Boston;Massachusetts;US;40.4165,-3.7026;42.3584,-71.0598;AS40444;Constant Contact, Inc;02108;America/New_York;105;16-05-2023 15:26:42
dailymotion.com;195.8.215.136;OK;1;Paris;Île-de-France;FR;40.4165,-3.7026;48.8534,2.3488;AS41690;Dailymotion S.A.;75000;Europe/Paris;23.0;16-05-2023 15:26:42
deliveroo.es;104.18.26.160;OK;1;San Francisco;California;US;40.4165,-3.7026;37.7621,-122.3971;AS13335;Cloudflare, Inc.;94107;America/Los_Angeles;2.95;16-05-2023 15:26:42
delivery.karmabu.cdn.orange.com;90.84.143.149;OK;1;Madrid;Madrid;ES;40.4165,-3.7026;40.4165,-3.7026;AS5511;Orange S.A.;28001;Europe/Madrid;2.87;16-05-2023 15:26:42
disneyplus.com;N/A;N/A;0;N/A;N/A;N/A;40.4165,-3.7026;0.0, 0.0;N/A;N/A;0;N/A;0.0;16-05-2023 15:26:42
criteo.com;N/A;KO;3;N/A;N/A;N/A;40.4165,-3.7026;0.0, 0.0;N/A;N/A;0;N/A;0.0;16-05-2023 15:26:42
divinity.es;N/A;N/A;0;N/A;N/A;N/A;40.4165,-3.7026;0.0, 0.0;N/A;N/A;0;N/A;0.0;16-05-2023 15:26:42
icio.us;N/A;KO;3;N/A;N/A;N/A;40.4165,-3.7026;0.0, 0.0;N/A;N/A;0;N/A;0.0;16-05-2023 15:26:42
divxtotal3.net;N/A;N/A;0;N/A;N/A;N/A;40.4165,-3.7026;0.0,0.0;N/A;N/A;N/A;N/A;0.0;16-05-2023 15:26:43
dl.cube.lodz.karma.orange.com;N/A;N/A;0;N/A;N/A;N/A;40.4165,-3.7026;0.0, 0.0;N/A;N/A;0;N/A;0.0;16-05-2023 15:26:43
deviantart.com;108.157.98.61;OK;1;Madrid;Madrid;ES;40.4165,-3.7026;40.4165,-3.7026;AS16509;Amazon.com, Inc.;28001;Europe/Madrid;3.43;16-05-2023 15:26:43
divxtotal.com;104.21.45.235;OK;1;San Francisco;California;US;40.4165,-3.7026;37.7621,-122.3971;AS13335;Cloudflare, Inc.;94107;America/Los_Angeles;3.49;16-05-2023 15:26:43
dixmax.com;104.21.79.223;OK;1;San Francisco;California;US;40.4165,-3.7026;37.7621,-122.3971;AS13335;Cloudflare, Inc.;94107;America/Los_Angeles;3.41;16-05-2023 15:26:43
deloitte.com;N/A;KO;3;N/A;N/A;N/A;40.4165,-3.7026;0.0, 0.0;N/A;N/A;0;N/A;0.0;16-05-2023 15:26:43
diasp.org;N/A;KO;3;N/A;N/A;N/A;40.4165,-3.7026;0.0, 0.0;N/A;N/A;0;N/A;0.0;16-05-2023 15:26:43
dominospizza.es;194.224.110.10;OK;1;Madrid;Madrid;ES;40.4165,-3.7026;40.4165,-3.7026;AS3352;TELEFONICA DE ESPANA S.A.U.;28001;Europe/Madrid;3.98;16-05-2023 15:26:43
part-0015.t-0009.fdv2-t-msedge.net;13.107.237.43;OK;1;Redmond;Washington;US;40.4165,-3.7026;47.6740,-122.1215;AS8075;Microsoft Corporation;98052;America/Los_Angeles;3.92;16-05-2023 15:26:43
doubleclick.com;216.58.215.142;OK;1;Madrid;Madrid;ES;40.4165,-3.7026;40.4165,-3.7026;AS15169;Google LLC;28001;Europe/Madrid;3.02;16-05-2023 15:26:43
ebay.com;N/A;N/A;0;N/A;N/A;N/A;40.4165,-3.7026;0.0, 0.0;N/A;N/A;0;N/A;0.0;16-05-2023 15:26:43
ebay.es;N/A;N/A;0;N/A;N/A;N/A;40.4165,-3.7026;0.0, 0.0;N/A;N/A;0;N/A;0.0;16-05-2023 15:26:43
ebnbanco.com;N/A;N/A;0;N/A;N/A;N/A;40.4165,-3.7026;0.0, 0.0;N/A;N/A;0;N/A;0.0;16-05-2023 15:26:43
doubleclick.net;142.250.200.78;OK;1;Madrid;Madrid;ES;40.4165,-3.7026;40.4165,-3.7026;AS15169;Google LLC;28001;Europe/Madrid;4.18;16-05-2023 15:26:43
dribbble.com;192.229.220.206;OK;1;Frankfurt am Main;Hesse;DE;40.4165,-3.7026;50.1155,8.6842;AS15133;Edgecast Inc.;60306;Europe/Berlin;3.22;16-05-2023 15:26:43
dwolla.com;104.16.75.153;OK;1;San Francisco;California;US;40.4165,-3.7026;37.7621,-122.3971;AS13335;Cloudflare, Inc.;94107;America/Los_Angeles;3.04;16-05-2023 15:26:44
dropbox.com;162.125.248.18;OK;2;San Francisco;California;US;40.4165,-3.7026;37.7621,-122.3971;AS19679;Dropbox, Inc.;94107;America/Los_Angeles;3.74;16-05-2023 15:26:44
edarling.es;104.18.30.109;OK;1;San Francisco;California;US;40.4165,-3.7026;37.7621,-122.3971;AS13335;Cloudflare, Inc.;94107;America/Los_Angeles;2.75;16-05-2023 15:26:44
edreams.es;35.246.196.126;OK;1;Frankfurt am Main;Hesse;DE;40.4165,-3.7026;50.1155,8.6842;AS396982;Google LLC;60306;Europe/Berlin;29.1;16-05-2023 15:26:44
elcorteingles.es;N/A;N/A;0;N/A;N/A;N/A;40.4165,-3.7026;0.0, 0.0;N/A;N/A;0;N/A;0.0;16-05-2023 15:26:44
ehu.eus;158.227.0.65;OK;1;Bilbao;Basque Country;ES;40.4165,-3.7026;43.2627,-2.9253;AS15488;Universidad del Pais Vasco - Euskal Herriko Unibertsitatea;48001;Europe/Madrid;13.9;16-05-2023 15:26:44
eleconomista.es;N/A;N/A;0;N/A;N/A;N/A;40.4165,-3.7026;0.0, 0.0;N/A;N/A;0;N/A;0.0;16-05-2023 15:26:44
ds-hostingsolutions.net;15.197.172.60;OK;3;Seattle;Washington;US;40.4165,-3.7026;47.6339,-122.3476;AS16509;Amazon.com, Inc.;98109;America/Los_Angeles;21.5;16-05-2023 15:26:44
eitb.eus;151.101.2.133;OK;1;San Francisco;California;US;40.4165,-3.7026;37.7621,-122.3971;AS54113;Fastly, Inc.;94107;America/Los_Angeles;3.27;16-05-2023 15:26:44
elcomercio.pe;92.123.238.211;OK;1;Paris;Île-de-France;FR;40.4165,-3.7026;48.8655,2.3426;AS20940;Akamai International B.V.;75097 CEDEX 02;Europe/Paris;22.5;16-05-2023 15:26:44
elmundo.es;N/A;N/A;0;N/A;N/A;N/A;40.4165,-3.7026;0.0, 0.0;N/A;N/A;0;N/A;0.0;16-05-2023 15:26:44
elconfidencial.com;107.154.105.101;OK;1;Washington;Washington, D.C.;US;40.4165,-3.7026;38.8951,-77.0364;AS19551;Incapsula Inc;20004;America/New_York;105;16-05-2023 15:26:44
elespanol.com;54.192.95.43;OK;1;Madrid;Madrid;ES;40.4165,-3.7026;40.4165,-3.7026;AS16509;Amazon.com, Inc.;28001;Europe/Madrid;3.44;16-05-2023 15:26:44
eldiario.es;176.34.179.218;OK;1;Dublin;Leinster;IE;40.4165,-3.7026;53.3331,-6.2489;AS16509;Amazon.com, Inc.;D02;Europe/Dublin;37.3;16-05-2023 15:26:44
elespectador.com;2.22.234.113;OK;1;Madrid;Madrid;ES;40.4165,-3.7026;40.4165,-3.7026;AS20940;Akamai International B.V.;28001;Europe/Madrid;3.52;16-05-2023 15:26:45
eltiempo.es;N/A;N/A;0;N/A;N/A;N/A;40.4165,-3.7026;0.0, 0.0;N/A;N/A;0;N/A;0.0;16-05-2023 15:26:45
elpais.com;2.21.37.20;OK;1;Madrid;Madrid;ES;40.4165,-3.7026;40.4165,-3.7026;AS20940;Akamai International B.V.;28001;Europe/Madrid;3.99;16-05-2023 15:26:45
energytv.es;N/A;N/A;0;N/A;N/A;N/A;40.4165,-3.7026;0.0, 0.0;N/A;N/A;0;N/A;0.0;16-05-2023 15:26:45
elperiodico.com;195.76.147.109;OK;1;Madrid;Madrid;ES;40.4165,-3.7026;40.4165,-3.7026;AS3352;TELEFONICA DE ESPANA S.A.U.;28042;Europe/Madrid;4.57;16-05-2023 15:26:45
elitetorrent.biz;50.28.56.190;OK;2;Lansing;Michigan;US;40.4165,-3.7026;42.7325,-84.5555;AS32244;Liquid Web, L.L.C;48901;America/Detroit;107;16-05-2023 15:26:45
epicgames.com;N/A;N/A;0;N/A;N/A;N/A;40.4165,-3.7026;0.0, 0.0;N/A;N/A;0;N/A;0.0;16-05-2023 15:26:45
eltenedor.es;151.101.66.133;OK;2;San Francisco;California;US;40.4165,-3.7026;37.7621,-122.3971;AS54113;Fastly, Inc.;94107;America/Los_Angeles;3.85;16-05-2023 15:26:45
entradas.com;23.60.216.30;OK;1;Madrid;Madrid;ES;40.4165,-3.7026;40.4165,-3.7026;AS16625;Akamai Technologies, Inc.;28001;Europe/Madrid;2.62;16-05-2023 15:26:45
eltiempo.com;45.60.131.135;OK;2;Yakima;Washington;US;40.4165,-3.7026;46.6021,-120.5059;AS19551;Incapsula Inc;98901;America/Los_Angeles;108;16-05-2023 15:26:45
es.hboespana.com;N/A;N/A;0;N/A;N/A;N/A;40.4165,-3.7026;0.0, 0.0;N/A;N/A;0;N/A;0.0;16-05-2023 15:26:45
e11956.x.akamaiedge.net;104.83.180.152;OK;1;Madrid;Madrid;ES;40.4165,-3.7026;40.4165,-3.7026;AS16625;Akamai Technologies, Inc.;28001;Europe/Madrid;2.68;16-05-2023 15:26:45
wx.mail.qq.com;N/A;KO;3;N/A;N/A;N/A;40.4165,-3.7026;0.0, 0.0;N/A;N/A;0;N/A;0.0;16-05-2023 15:26:45
j.sni.global.fastly.net;151.101.134.132;OK;1;Madrid;Madrid;ES;40.4165,-3.7026;40.4165,-3.7026;AS54113;Fastly, Inc.;28001;Europe/Madrid;2.54;16-05-2023 15:26:45
enom.com;199.16.172.29;OK;2;San Antonio;Texas;US;40.4165,-3.7026;29.4241,-98.4936;AS2635;Automattic, Inc;78205;America/Chicago;3.42;16-05-2023 15:26:45
f2.shared.global.fastly.net;151.101.134.2;OK;1;Madrid;Madrid;ES;40.4165,-3.7026;40.4165,-3.7026;AS54113;Fastly, Inc.;28001;Europe/Madrid;3.13;16-05-2023 15:26:46
part-0015.t-0009.fdv2-t-msedge.net;13.107.237.43;OK;1;Redmond;Washington;US;40.4165,-3.7026;47.6740,-122.1215;AS8075;Microsoft Corporation;98052;America/Los_Angeles;3.06;16-05-2023 15:26:46
ds-geoycpi-uno-lite.gycpi.b.yahoodns.net;87.248.100.137;OK;1;Dublin;Leinster;IE;40.4165,-3.7026;53.3331,-6.2489;AS34010;Yahoo! UK Services Limited;D02;Europe/Dublin;38.9;16-05-2023 15:26:46
s3-website.us-east-1.amazonaws.com;54.231.136.93;OK;2;Ashburn;Virginia;US;40.4165,-3.7026;39.0437,-77.4875;AS16509;Amazon.com, Inc.;20147;America/New_York;83.7;16-05-2023 15:26:46
cs431.wpc.chicdn.net;68.232.34.226;OK;1;Culver City;California;US;40.4165,-3.7026;33.9728,-118.4276;AS15133;Edgecast Inc.;90094;America/Los_Angeles;3.20;16-05-2023 15:26:46
d291e33ne127py.cloudfront.net;18.154.41.123;OK;1;Madrid;Madrid;ES;40.4165,-3.7026;40.4165,-3.7026;AS16509;Amazon.com, Inc.;28001;Europe/Madrid;3.56;16-05-2023 15:26:46
www.wallapop.com;108.157.109.120;OK;1;Madrid;Madrid;ES;40.4165,-3.7026;40.4165,-3.7026;AS16509;Amazon.com, Inc.;28001;Europe/Madrid;4.13;16-05-2023 15:26:46
es.sitew.com;178.32.55.155;OK;1;Lille;Hauts-de-France;FR;40.4165,-3.7026;50.6330,3.0586;AS16276;OVH SAS;59000;Europe/Paris;23.4;16-05-2023 15:26:46
es.worldline.com;N/A;N/A;0;N/A;N/A;N/A;40.4165,-3.7026;0.0, 0.0;N/A;N/A;0;N/A;0.0;16-05-2023 15:26:46
scribd.map.fastly.net;151.101.134.152;OK;2;Madrid;Madrid;ES;40.4165,-3.7026;40.4165,-3.7026;AS54113;Fastly, Inc.;28001;Europe/Madrid;3.25;16-05-2023 15:26:46
lb.wordpress.com;192.0.78.12;OK;1;San Francisco;California;US;40.4165,-3.7026;37.7509,-122.4153;AS2635;Automattic, Inc;94110;America/Los_Angeles;4.11;16-05-2023 15:26:46
es.webs.com;104.18.151.58;OK;1;San Francisco;California;US;40.4165,-3.7026;37.7621,-122.3971;AS13335;Cloudflare, Inc.;94107;America/Los_Angeles;3.57;16-05-2023 15:26:47
europafm.com;N/A;N/A;0;N/A;N/A;N/A;40.4165,-3.7026;0.0, 0.0;N/A;N/A;0;N/A;0.0;16-05-2023 15:26:47
eurosport.es;N/A;N/A;0;N/A;N/A;N/A;40.4165,-3.7026;0.0, 0.0;N/A;N/A;0;N/A;0.0;16-05-2023 15:26:47
everis.com;N/A;N/A;0;N/A;N/A;N/A;40.4165,-3.7026;0.0, 0.0;N/A;N/A;0;N/A;0.0;16-05-2023 15:26:47
esnoticia.net;N/A;N/A;0;N/A;N/A;N/A;40.4165,-3.7026;0.0,0.0;N/A;N/A;N/A;N/A;0.0;16-05-2023 15:26:47
expansion.com;N/A;N/A;0;N/A;N/A;N/A;40.4165,-3.7026;0.0, 0.0;N/A;N/A;0;N/A;0.0;16-05-2023 15:26:47
wixpin.map.fastly.net;151.101.133.84;OK;2;Madrid;Madrid;ES;40.4165,-3.7026;40.4165,-3.7026;AS54113;Fastly, Inc.;28001;Europe/Madrid;3.24;16-05-2023 15:26:47
fp-ycpi.g03.yahoodns.net;188.125.95.240;OK;1;Madrid;Madrid;ES;40.4165,-3.7026;40.4165,-3.7026;AS10310;Oath Holdings Inc.;28001;Europe/Madrid;3.62;16-05-2023 15:26:47
ey.com;N/A;N/A;0;N/A;N/A;N/A;40.4165,-3.7026;0.0, 0.0;N/A;N/A;0;N/A;0.0;16-05-2023 15:26:47
esdemarca.com;35.186.206.21;OK;1;Kansas City;Missouri;US;40.4165,-3.7026;39.0997,-94.5786;AS15169;Google LLC;64106;America/Chicago;3.18;16-05-2023 15:26:47
factoriadeficcion.com;N/A;N/A;0;N/A;N/A;N/A;40.4165,-3.7026;0.0, 0.0;N/A;N/A;0;N/A;0.0;16-05-2023 15:26:47
eset.com;91.228.166.47;OK;1;Bratislava;Bratislavský Kraj;SK;40.4165,-3.7026;48.1482,17.1067;AS50881;ESET, spol. s r.o.;811 01;Europe/Bratislava;45.2;16-05-2023 15:26:47
expedia.es;104.83.99.96;OK;1;Milan;Lombardy;IT;40.4165,-3.7026;45.4643,9.1895;AS16625;Akamai Technologies, Inc.;20121;Europe/Rome;31.6;16-05-2023 15:26:47
facebook.com;185.60.219.35;OK;1;Saint-Denis;Île-de-France;FR;40.4165,-3.7026;48.9356,2.3539;AS32934;Facebook, Inc.;93206 CEDEX;Europe/Paris;23.1;16-05-2023 15:26:47
fedex.com;N/A;N/A;0;N/A;N/A;N/A;40.4165,-3.7026;0.0, 0.0;N/A;N/A;0;N/A;0.0;16-05-2023 15:26:47
eyeem.com;18.154.22.115;OK;1;Madrid;Madrid;ES;40.4165,-3.7026;40.4165,-3.7026;AS16509;Amazon.com, Inc.;28001;Europe/Madrid;3.79;16-05-2023 15:26:47
evobanco.com;45.60.124.20;OK;2;Redwood City;California;US;40.4165,-3.7026;37.5331,-122.2486;AS19551;Incapsula Inc;94065;America/Los_Angeles;4.58;16-05-2023 15:26:47
feverup.com;N/A;N/A;0;N/A;N/A;N/A;40.4165,-3.7026;0.0, 0.0;N/A;N/A;0;N/A;0.0;16-05-2023 15:26:47
fiba.basketball;N/A;N/A;0;N/A;N/A;N/A;40.4165,-3.7026;0.0, 0.0;N/A;N/A;0;N/A;0.0;16-05-2023 15:26:47
fishbowl.com;N/A;N/A;0;N/A;N/A;N/A;40.4165,-3.7026;0.0, 0.0;N/A;N/A;0;N/A;0.0;16-05-2023 15:26:47
factoriadigital.com;213.162.197.201;OK;2;Valencia;Valencia;ES;40.4165,-3.7026;39.4697,-0.3774;AS13287;FALBOX S.L. trading as NIXVAL;46001;Europe/Madrid;7.52;16-05-2023 15:26:48
flixster.com;N/A;N/A;0;N/A;N/A;N/A;40.4165,-3.7026;0.0,0.0;N/A;N/A;N/A;N/A;0.0;16-05-2023 15:26:48
fnac.es;N/A;N/A;0;N/A;N/A;N/A;40.4165,-3.7026;0.0, 0.0;N/A;N/A;0;N/A;0.0;16-05-2023 15:26:48
filmin.es;104.18.18.203;OK;1;San Francisco;California;US;40.4165,-3.7026;37.7621,-122.3971;AS13335;Cloudflare, Inc.;94107;America/Los_Angeles;2.98;16-05-2023 15:26:48
filmaffinity.com;172.67.73.1;OK;1;San Francisco;California;US;40.4165,-3.7026;37.7621,-122.3971;AS13335;Cloudflare, Inc.;94107;America/Los_Angeles;3.27;16-05-2023 15:26:48
fastly.net;151.101.1.6;OK;2;San Francisco;California;US;40.4165,-3.7026;37.7621,-122.3971;AS54113;Fastly, Inc.;94107;America/Los_Angeles;2.28;16-05-2023 15:26:48
fotocasa.es;N/A;N/A;0;N/A;N/A;N/A;40.4165,-3.7026;0.0, 0.0;N/A;N/A;0;N/A;0.0;16-05-2023 15:26:48
freeddns.noip.com;N/A;N/A;0;N/A;N/A;N/A;40.4165,-3.7026;0.0, 0.0;N/A;N/A;0;N/A;0.0;16-05-2023 15:26:48
fireeye.com;162.159.246.125;OK;1;San Francisco;California;US;40.4165,-3.7026;37.7621,-122.3971;AS13335;Cloudflare, Inc.;94107;America/Los_Angeles;22.9;16-05-2023 15:26:48
freedompop.com;N/A;N/A;0;N/A;N/A;N/A;40.4165,-3.7026;0.0, 0.0;N/A;N/A;0;N/A;0.0;16-05-2023 15:26:48
flickr.com;18.67.247.126;OK;1;Madrid;Madrid;ES;40.4165,-3.7026;40.4165,-3.7026;AS16509;Amazon.com, Inc.;28001;Europe/Madrid;4.51;16-05-2023 15:26:48
forocoches.com;104.22.3.210;OK;1;San Francisco;California;US;40.4165,-3.7026;37.7621,-122.3971;AS13335;Cloudflare, Inc.;94107;America/Los_Angeles;3.34;16-05-2023 15:26:48
gaiaonline.com;N/A;N/A;0;N/A;N/A;N/A;40.4165,-3.7026;0.0, 0.0;N/A;N/A;0;N/A;0.0;16-05-2023 15:26:48
game.es;N/A;N/A;0;N/A;N/A;N/A;40.4165,-3.7026;0.0, 0.0;N/A;N/A;0;N/A;0.0;16-05-2023 15:26:48
funnyordie.com;192.0.78.199;OK;1;San Francisco;California;US;40.4165,-3.7026;37.7509,-122.4153;AS2635;Automattic, Inc;94110;America/Los_Angeles;4.05;16-05-2023 15:26:48
g2a.com;172.67.36.196;OK;1;San Francisco;California;US;40.4165,-3.7026;37.7621,-122.3971;AS13335;Cloudflare, Inc.;94107;America/Los_Angeles;3.06;16-05-2023 15:26:48
ginos.es;N/A;N/A;0;N/A;N/A;N/A;40.4165,-3.7026;0.0, 0.0;N/A;N/A;0;N/A;0.0;16-05-2023 15:26:48
redirect.lb.ccmbg.net;N/A;KO;3;N/A;N/A;N/A;40.4165,-3.7026;0.0, 0.0;N/A;N/A;0;N/A;0.0;16-05-2023 15:26:48
fuegodevida.com;164.132.73.177;OK;2;Lille;Hauts-de-France;FR;40.4165,-3.7026;50.6330,3.0586;AS16276;OVH SAS;59000;Europe/Paris;21.5;16-05-2023 15:26:48
gamovideo.com;104.21.88.41;OK;1;San Francisco;California;US;40.4165,-3.7026;37.7621,-122.3971;AS13335;Cloudflare, Inc.;94107;America/Los_Angeles;2.61;16-05-2023 15:26:49
gnula.nu;N/A;N/A;0;N/A;N/A;N/A;40.4165,-3.7026;0.0, 0.0;N/A;N/A;0;N/A;0.0;16-05-2023 15:26:49
gnula.se;N/A;N/A;0;N/A;N/A;N/A;40.4165,-3.7026;0.0, 0.0;N/A;N/A;0;N/A;0.0;16-05-2023 15:26:49
fotki.com;185.12.236.31;OK;3;Tallinn;Harjumaa;EE;40.4165,-3.7026;59.4370,24.7535;AS39823;Compic OU;10111;Europe/Tallinn;72.5;16-05-2023 15:26:49
goal.com;N/A;N/A;0;N/A;N/A;N/A;40.4165,-3.7026;0.0, 0.0;N/A;N/A;0;N/A;0.0;16-05-2023 15:26:49
goltelevision.com;N/A;N/A;0;N/A;N/A;N/A;40.4165,-3.7026;0.0, 0.0;N/A;N/A;0;N/A;0.0;16-05-2023 15:26:49
gmail.com;142.250.200.69;OK;1;Madrid;Madrid;ES;40.4165,-3.7026;40.4165,-3.7026;AS15169;Google LLC;28001;Europe/Madrid;3.43;16-05-2023 15:26:49
geni.com;107.154.110.111;OK;1;Los Angeles;California;US;40.4165,-3.7026;34.0522,-118.2437;AS19551;Incapsula Inc;90009;America/Los_Angeles;98.4;16-05-2023 15:26:49
gmx.com;82.165.229.87;OK;1;Karlsruhe;Baden-Wurttemberg;DE;40.4165,-3.7026;49.0094,8.4044;AS8560;IONOS SE;76133;Europe/Berlin;34.3;16-05-2023 15:26:49
global.abb;151.101.131.10;OK;1;San Francisco;California;US;40.4165,-3.7026;37.7621,-122.3971;AS54113;Fastly, Inc.;94107;America/Los_Angeles;2.82;16-05-2023 15:26:49
d4m276jz6gztw.cloudfront.net;108.157.109.40;OK;1;Madrid;Madrid;ES;40.4165,-3.7026;40.4165,-3.7026;AS16509;Amazon.com, Inc.;28001;Europe/Madrid;3.46;16-05-2023 15:26:49
habbo.es;N/A;N/A;0;N/A;N/A;N/A;40.4165,-3.7026;0.0, 0.0;N/A;N/A;0;N/A;0.0;16-05-2023 15:26:49
halifax.co.uk;N/A;N/A;0;N/A;N/A;N/A;40.4165,-3.7026;0.0, 0.0;N/A;N/A;0;N/A;0.0;16-05-2023 15:26:49
google.com;172.217.168.174;OK;1;Madrid;Madrid;ES;40.4165,-3.7026;40.4165,-3.7026;AS15169;Google LLC;28001;Europe/Madrid;3.69;16-05-2023 15:26:49
google.es;142.250.200.67;OK;1;Madrid;Madrid;ES;40.4165,-3.7026;40.4165,-3.7026;AS15169;Google LLC;28001;Europe/Madrid;3.04;16-05-2023 15:26:49
hitfm.es;N/A;N/A;0;N/A;N/A;N/A;40.4165,-3.7026;0.0, 0.0;N/A;N/A;0;N/A;0.0;16-05-2023 15:26:49
goodreads.com;52.94.226.87;OK;1;Ashburn;Virginia;US;40.4165,-3.7026;39.0437,-77.4875;AS16509;Amazon.com, Inc.;20147;America/New_York;79.7;16-05-2023 15:26:49
hola.com;N/A;N/A;0;N/A;N/A;N/A;40.4165,-3.7026;0.0, 0.0;N/A;N/A;0;N/A;0.0;16-05-2023 15:26:49
google-public-dns-a.google.com;8.8.8.8;OK;1;Mountain View;California;US;40.4165,-3.7026;37.4056,-122.0775;AS15169;Google LLC;94043;America/Los_Angeles;3.14;16-05-2023 15:26:49
googleadservices.com;142.250.201.66;OK;1;Madrid;Madrid;ES;40.4165,-3.7026;40.4165,-3.7026;AS15169;Google LLC;28001;Europe/Madrid;4.00;16-05-2023 15:26:49
hbbtv.org;N/A;N/A;0;N/A;N/A;N/A;40.4165,-3.7026;0.0, 0.0;N/A;N/A;0;N/A;0.0;16-05-2023 15:26:50
a1817.dscd.akamai.net;184.28.177.30;OK;1;Madrid;Madrid;ES;40.4165,-3.7026;40.4165,-3.7026;AS20940;Akamai International B.V.;28001;Europe/Madrid;2.66;16-05-2023 15:26:50
hi5.com;N/A;KO;3;N/A;N/A;N/A;40.4165,-3.7026;0.0, 0.0;N/A;N/A;0;N/A;0.0;16-05-2023 15:26:50
hsbc.es;N/A;N/A;0;N/A;N/A;N/A;40.4165,-3.7026;0.0, 0.0;N/A;N/A;0;N/A;0.0;16-05-2023 15:26:50
e7173.a.akamaiedge.net;23.39.72.113;OK;1;Madrid;Madrid;ES;40.4165,-3.7026;40.4165,-3.7026;AS16625;Akamai Technologies, Inc.;28001;Europe/Madrid;2.77;16-05-2023 15:26:50
ibercaja.es;N/A;N/A;0;N/A;N/A;N/A;40.4165,-3.7026;0.0, 0.0;N/A;N/A;0;N/A;0.0;16-05-2023 15:26:50
icbc.lu;N/A;N/A;0;N/A;N/A;N/A;40.4165,-3.7026;0.0, 0.0;N/A;N/A;0;N/A;0.0;16-05-2023 15:26:50
icheckmovies.com;N/A;N/A;0;N/A;N/A;N/A;40.4165,-3.7026;0.0, 0.0;N/A;N/A;0;N/A;0.0;16-05-2023 15:26:50
hostgator.com;104.18.0.71;OK;1;San Francisco;California;US;40.4165,-3.7026;37.7621,-122.3971;AS13335;Cloudflare, Inc.;94107;America/Los_Angeles;4.28;16-05-2023 15:26:50
icontact.com;N/A;N/A;0;N/A;N/A;N/A;40.4165,-3.7026;0.0, 0.0;N/A;N/A;0;N/A;0.0;16-05-2023 15:26:50
hosteurope.es;192.124.249.102;OK;2;Menifee;California;US;40.4165,-3.7026;33.7283,-117.1464;AS30148;Sucuri;92584;America/Los_Angeles;37.9;16-05-2023 15:26:50
hostinet.com;194.116.147.41;OK;2;Bilbao;Basque Country;ES;40.4165,-3.7026;43.2627,-2.9253;AS56732;hostinet AS;48001;Europe/Madrid;11.4;16-05-2023 15:26:50
indra.es;N/A;N/A;0;N/A;N/A;N/A;40.4165,-3.7026;0.0, 0.0;N/A;N/A;0;N/A;0.0;16-05-2023 15:26:50
hotmail.com;204.79.197.212;OK;1;Redmond;Washington;US;40.4165,-3.7026;47.6740,-122.1215;AS8068;Microsoft Corporation;98052;America/Los_Angeles;3.63;16-05-2023 15:26:50
ing.es;N/A;N/A;0;N/A;N/A;N/A;40.4165,-3.7026;0.0, 0.0;N/A;N/A;0;N/A;0.0;16-05-2023 15:26:50
ingenico.com;N/A;N/A;0;N/A;N/A;N/A;40.4165,-3.7026;0.0, 0.0;N/A;N/A;0;N/A;0.0;16-05-2023 15:26:50
hyvesgames.nl;104.21.24.3;OK;1;San Francisco;California;US;40.4165,-3.7026;37.7621,-122.3971;AS13335;Cloudflare, Inc.;94107;America/Los_Angeles;3.24;16-05-2023 15:26:51
icloud.com;17.253.144.10;OK;1;Cupertino;California;US;40.4165,-3.7026;37.3230,-122.0322;AS714;Apple Inc.;95014;America/Los_Angeles;24.7;16-05-2023 15:26:51
idealista.com;199.232.198.137;OK;1;San Francisco;California;US;40.4165,-3.7026;37.7621,-122.3971;AS54113;Fastly, Inc.;94107;America/Los_Angeles;3.33;16-05-2023 15:26:51
instagram.com;185.60.219.174;OK;1;Saint-Denis;Île-de-France;FR;40.4165,-3.7026;48.9356,2.3539;AS32934;Facebook, Inc.;93206 CEDEX;Europe/Paris;23.2;16-05-2023 15:26:51
inversis.com;N/A;N/A;0;N/A;N/A;N/A;40.4165,-3.7026;0.0, 0.0;N/A;N/A;0;N/A;0.0;16-05-2023 15:26:51
instant-gaming.com;104.18.5.124;OK;1;San Francisco;California;US;40.4165,-3.7026;37.7621,-122.3971;AS13335;Cloudflare, Inc.;94107;America/Los_Angeles;2.76;16-05-2023 15:26:51
intereconomia.com;151.139.128.10;OK;1;Dallas;Texas;US;40.4165,-3.7026;32.7939,-96.8319;AS20446;StackPath, LLC.;75207;America/Chicago;3.65;16-05-2023 15:26:51
imqq.com;N/A;KO;3;N/A;N/A;N/A;40.4165,-3.7026;0.0, 0.0;N/A;N/A;0;N/A;0.0;16-05-2023 15:26:51
intuit.com;184.84.16.115;OK;1;Madrid;Madrid;ES;40.4165,-3.7026;40.4165,-3.7026;AS16625;Akamai Technologies, Inc.;28001;Europe/Madrid;3.03;16-05-2023 15:26:51
jazztel.com;N/A;N/A;0;N/A;N/A;N/A;40.4165,-3.7026;0.0, 0.0;N/A;N/A;0;N/A;0.0;16-05-2023 15:26:51
jnj.com;N/A;N/A;0;N/A;N/A;N/A;40.4165,-3.7026;0.0, 0.0;N/A;N/A;0;N/A;0.0;16-05-2023 15:26:51
infojobs.net;18.67.240.109;OK;3;Madrid;Madrid;ES;40.4165,-3.7026;40.4165,-3.7026;AS16509;Amazon.com, Inc.;28001;Europe/Madrid;3.45;16-05-2023 15:26:51
ionos.es;217.160.86.79;OK;1;Frankfurt am Main;Hesse;DE;40.4165,-3.7026;50.1155,8.6842;AS8560;IONOS SE;60306;Europe/Berlin;3.54;16-05-2023 15:26:51
ionos.com;74.208.255.134;OK;1;Kansas City;Missouri;US;40.4165,-3.7026;39.0997,-94.5786;AS8560;IONOS SE;64106;America/Chicago;125;16-05-2023 15:26:51
java.com;2.17.211.99;OK;1;Madrid;Madrid;ES;40.4165,-3.7026;40.4165,-3.7026;AS20940;Akamai International B.V.;28001;Europe/Madrid;2.88;16-05-2023 15:26:51
kaspersky.es;N/A;N/A;0;N/A;N/A;N/A;40.4165,-3.7026;0.0, 0.0;N/A;N/A;0;N/A;0.0;16-05-2023 15:26:52
just-eat.es;104.18.42.234;OK;1;San Francisco;California;US;40.4165,-3.7026;37.7621,-122.3971;AS13335;Cloudflare, Inc.;94107;America/Los_Angeles;3.30;16-05-2023 15:26:52
kinguin.net;N/A;N/A;0;N/A;N/A;N/A;40.4165,-3.7026;0.0, 0.0;N/A;N/A;0;N/A;0.0;16-05-2023 15:26:52
kinepolis.es;2.21.37.11;OK;1;Madrid;Madrid;ES;40.4165,-3.7026;40.4165,-3.7026;AS20940;Akamai International B.V.;28001;Europe/Madrid;2.72;16-05-2023 15:26:52
kiwibox.com;N/A;N/A;0;N/A;N/A;N/A;40.4165,-3.7026;0.0, 0.0;N/A;N/A;0;N/A;0.0;16-05-2023 15:26:52
lanacion.com.ar;N/A;N/A;0;N/A;N/A;N/A;40.4165,-3.7026;0.0, 0.0;N/A;N/A;0;N/A;0.0;16-05-2023 15:26:52
isc.org;149.20.1.66;OK;3;San Jose;California;US;40.4165,-3.7026;37.3394,-121.8950;AS1280;Internet Systems Consortium, Inc.;95103;America/Los_Angeles;170;16-05-2023 15:26:52
lasexta.com;N/A;N/A;0;N/A;N/A;N/A;40.4165,-3.7026;0.0, 0.0;N/A;N/A;0;N/A;0.0;16-05-2023 15:26:52
juegos.com;N/A;KO;3;N/A;N/A;N/A;40.4165,-3.7026;0.0, 0.0;N/A;N/A;0;N/A;0.0;16-05-2023 15:26:52
lavozdegalicia.es;N/A;N/A;0;N/A;N/A;N/A;40.4165,-3.7026;0.0, 0.0;N/A;N/A;0;N/A;0.0;16-05-2023 15:26:52
lecturas.com;N/A;N/A;0;N/A;N/A;N/A;40.4165,-3.7026;0.0, 0.0;N/A;N/A;0;N/A;0.0;16-05-2023 15:26:52
liberbank.es;N/A;N/A;0;N/A;N/A;N/A;40.4165,-3.7026;0.0, 0.0;N/A;N/A;0;N/A;0.0;16-05-2023 15:26:52
libertaddigital.com;N/A;N/A;0;N/A;N/A;N/A;40.4165,-3.7026;0.0, 0.0;N/A;N/A;0;N/A;0.0;16-05-2023 15:26:52
jpush.cn;N/A;KO;3;N/A;N/A;N/A;40.4165,-3.7026;0.0, 0.0;N/A;N/A;0;N/A;0.0;16-05-2023 15:26:52
johnsoncontrols.com;45.60.196.141;OK;3;Washington;Washington, D.C.;US;40.4165,-3.7026;38.8951,-77.0364;AS19551;Incapsula Inc;20004;America/New_York;98.3;16-05-2023 15:26:52
kiwi.com;104.16.193.226;OK;1;San Francisco;California;US;40.4165,-3.7026;37.7621,-122.3971;AS13335;Cloudflare, Inc.;94107;America/Los_Angeles;3.13;16-05-2023 15:26:52
last.fm;34.96.123.111;OK;1;Kansas City;Missouri;US;40.4165,-3.7026;39.0997,-94.5786;AS396982;Google LLC;64106;America/Chicago;2.73;16-05-2023 15:26:53
lilly.com;2.21.37.45;OK;1;Madrid;Madrid;ES;40.4165,-3.7026;40.4165,-3.7026;AS20940;Akamai International B.V.;28001;Europe/Madrid;2.90;16-05-2023 15:26:53
lavanguardia.com;N/A;KO;3;N/A;N/A;N/A;40.4165,-3.7026;0.0, 0.0;N/A;N/A;0;N/A;0.0;16-05-2023 15:26:53
liruch.com;104.22.25.182;OK;1;San Francisco;California;US;40.4165,-3.7026;37.7621,-122.3971;AS13335;Cloudflare, Inc.;94107;America/Los_Angeles;3.37;16-05-2023 15:26:53
lloydsbank.com;N/A;N/A;0;N/A;N/A;N/A;40.4165,-3.7026;0.0, 0.0;N/A;N/A;0;N/A;0.0;16-05-2023 15:26:53
linkedin.com;13.107.42.14;OK;1;Redmond;Washington;US;40.4165,-3.7026;47.6740,-122.1215;AS8068;Microsoft Corporation;98052;America/Los_Angeles;4.06;16-05-2023 15:26:53
live.com;204.79.197.212;OK;1;Redmond;Washington;US;40.4165,-3.7026;47.6740,-122.1215;AS8068;Microsoft Corporation;98052;America/Los_Angeles;3.53;16-05-2023 15:26:53
www.tm.a.prd.aadg.akadns.net;20.190.177.21;OK;1;Paris;Île-de-France;FR;40.4165,-3.7026;48.8655,2.3426;AS8075;Microsoft Corporation;75097 CEDEX 02;Europe/Paris;18.9;16-05-2023 15:26:53
www.tm.ak.prd.aadg.trafficmanager.net;20.190.160.23;OK;1;Amsterdam;North Holland;NL;40.4165,-3.7026;52.4253,4.8602;AS8075;Microsoft Corporation;1037;Europe/Amsterdam;25.2;16-05-2023 15:26:53
livejasmin.com;N/A;KO;3;N/A;N/A;N/A;40.4165,-3.7026;0.0, 0.0;N/A;N/A;0;N/A;0.0;16-05-2023 15:26:53
livenation.es;54.76.138.168;OK;1;Dublin;Leinster;IE;40.4165,-3.7026;53.3331,-6.2489;AS16509;Amazon.com, Inc.;D02;Europe/Dublin;35.8;16-05-2023 15:26:53
m.itsmy.com;N/A;N/A;0;N/A;N/A;N/A;40.4165,-3.7026;0.0, 0.0;N/A;N/A;0;N/A;0.0;16-05-2023 15:26:53
locafm.com;87.98.229.247;OK;1;Lille;Hauts-de-France;FR;40.4165,-3.7026;50.6330,3.0586;AS16276;OVH SAS;59000;Europe/Paris;21.3;16-05-2023 15:26:53
v4-edge.gycpi.b.yahoodns.net;188.125.95.240;OK;1;Madrid;Madrid;ES;40.4165,-3.7026;40.4165,-3.7026;AS10310;Oath Holdings Inc.;28001;Europe/Madrid;3.00;16-05-2023 15:26:54
m.cellufun.com;34.160.35.70;OK;1;Kansas City;Missouri;US;40.4165,-3.7026;39.0997,-94.5786;AS15169;Google LLC;64106;America/Chicago;3.38;16-05-2023 15:26:54
maersk.com;104.69.16.72;OK;1;Paris;Île-de-France;FR;40.4165,-3.7026;48.8655,2.3426;AS16625;Akamai Technologies, Inc.;75097 CEDEX 02;Europe/Paris;23.6;16-05-2023 15:26:54
los40.com;199.232.194.133;OK;1;San Francisco;California;US;40.4165,-3.7026;37.7621,-122.3971;AS54113;Fastly, Inc.;94107;America/Los_Angeles;3.30;16-05-2023 15:26:54
lovestv.es;N/A;KO;3;N/A;N/A;N/A;40.4165,-3.7026;0.0, 0.0;N/A;N/A;0;N/A;0.0;16-05-2023 15:26:54
marca.com;N/A;N/A;0;N/A;N/A;N/A;40.4165,-3.7026;0.0, 0.0;N/A;N/A;0;N/A;0.0;16-05-2023 15:26:54
longlines.com;142.93.190.114;OK;3;Clifton;New Jersey;US;40.4165,-3.7026;40.8344,-74.1377;AS14061;DigitalOcean, LLC;07014;America/New_York;96.5;16-05-2023 15:26:54
maxima.fm;N/A;N/A;0;N/A;N/A;N/A;40.4165,-3.7026;0.0, 0.0;N/A;N/A;0;N/A;0.0;16-05-2023 15:26:54
mcafee.com;N/A;N/A;0;N/A;N/A;N/A;40.4165,-3.7026;0.0, 0.0;N/A;N/A;0;N/A;0.0;16-05-2023 15:26:54
mcdonalds.es;N/A;N/A;0;N/A;N/A;N/A;40.4165,-3.7026;0.0, 0.0;N/A;N/A;0;N/A;0.0;16-05-2023 15:26:54
mail.com;82.165.229.87;OK;1;Karlsruhe;Baden-Wurttemberg;DE;40.4165,-3.7026;49.0094,8.4044;AS8560;IONOS SE;76133;Europe/Berlin;33.8;16-05-2023 15:26:54
mediamarkt.es;N/A;N/A;0;N/A;N/A;N/A;40.4165,-3.7026;0.0, 0.0;N/A;N/A;0;N/A;0.0;16-05-2023 15:26:54
mailchimp.com;23.195.97.82;OK;1;Madrid;Madrid;ES;40.4165,-3.7026;40.4165,-3.7026;AS16625;Akamai Technologies, Inc.;28001;Europe/Madrid;3.05;16-05-2023 15:26:54
maps.google.com;142.250.200.142;OK;1;Madrid;Madrid;ES;40.4165,-3.7026;40.4165,-3.7026;AS15169;Google LLC;28001;Europe/Madrid;3.53;16-05-2023 15:26:54
mediaset.es;N/A;N/A;0;N/A;N/A;N/A;40.4165,-3.7026;0.0, 0.0;N/A;N/A;0;N/A;0.0;16-05-2023 15:26:54
marketingplatform.google.com;172.217.168.174;OK;1;Madrid;Madrid;ES;40.4165,-3.7026;40.4165,-3.7026;AS15169;Google LLC;28001;Europe/Madrid;2.57;16-05-2023 15:26:54
mailjet.com;147.75.40.150;OK;2;New York City;New York;US;40.4165,-3.7026;40.7139,-74.0070;AS54825;Packet Host, Inc.;10007;America/New_York;32.7;16-05-2023 15:26:54
mediafire.com;104.16.53.48;OK;1;San Francisco;California;US;40.4165,-3.7026;37.7621,-122.3971;AS13335;Cloudflare, Inc.;94107;America/Los_Angeles;3.12;16-05-2023 15:26:54
medium.com;162.159.153.4;OK;1;San Francisco;California;US;40.4165,-3.7026;37.7621,-122.3971;AS13335;Cloudflare, Inc.;94107;America/Los_Angeles;2.61;16-05-2023 15:26:55
meetup.com;151.101.194.217;OK;1;San Francisco;California;US;40.4165,-3.7026;37.7621,-122.3971;AS54113;Fastly, Inc.;94107;America/Los_Angeles;3.24;16-05-2023 15:26:55
atresmedia.map.fastly.net;151.101.133.89;OK;1;Madrid;Madrid;ES;40.4165,-3.7026;40.4165,-3.7026;AS54113;Fastly, Inc.;28001;Europe/Madrid;2.95;16-05-2023 15:26:55
megastar.fm;N/A;N/A;0;N/A;N/A;N/A;40.4165,-3.7026;0.0, 0.0;N/A;N/A;0;N/A;0.0;16-05-2023 15:26:55
mediatek.com;N/A;KO;3;N/A;N/A;N/A;40.4165,-3.7026;0.0, 0.0;N/A;N/A;0;N/A;0.0;16-05-2023 15:26:55
melodia-fm.com;N/A;N/A;0;N/A;N/A;N/A;40.4165,-3.7026;0.0, 0.0;N/A;N/A;0;N/A;0.0;16-05-2023 15:26:55
megadede.com;172.67.208.221;OK;1;San Francisco;California;US;40.4165,-3.7026;37.7621,-122.3971;AS13335;Cloudflare, Inc.;94107;America/Los_Angeles;3.05;16-05-2023 15:26:55
meetme.com;204.145.125.82;OK;2;New York City;New York;US;40.4165,-3.7026;40.7143,-74.0060;AS46656;MeetMe, Inc.;10004;America/New_York;92.4;16-05-2023 15:26:55
merchante-solutions.com;N/A;N/A;0;N/A;N/A;N/A;40.4165,-3.7026;0.0, 0.0;N/A;N/A;0;N/A;0.0;16-05-2023 15:26:55
meetic.es;62.23.26.24;OK;3;Paris;Île-de-France;FR;40.4165,-3.7026;48.8655,2.3426;AS8220;COLT Technology Services Group Limited;75097 CEDEX 02;Europe/Paris;27.0;16-05-2023 15:26:55
microbank.com;N/A;N/A;0;N/A;N/A;N/A;40.4165,-3.7026;0.0, 0.0;N/A;N/A;0;N/A;0.0;16-05-2023 15:26:55
microsoft.com;N/A;N/A;0;N/A;N/A;N/A;40.4165,-3.7026;0.0, 0.0;N/A;N/A;0;N/A;0.0;16-05-2023 15:26:55
mejortorrent.org;N/A;KO;3;N/A;N/A;N/A;40.4165,-3.7026;0.0, 0.0;N/A;N/A;0;N/A;0.0;16-05-2023 15:26:56
cname-app-com-amsproxy.w.mi-dun.com;20.47.97.231;OK;1;Amsterdam;North Holland;NL;40.4165,-3.7026;52.4253,4.8602;AS8069;Microsoft Corporation;1037;Europe/Amsterdam;30.1;16-05-2023 15:26:56
milanuncios.com;18.67.240.4;OK;1;Madrid;Madrid;ES;40.4165,-3.7026;40.4165,-3.7026;AS16509;Amazon.com, Inc.;28001;Europe/Madrid;3.35;16-05-2023 15:26:56
mitele.es;N/A;N/A;0;N/A;N/A;N/A;40.4165,-3.7026;0.0, 0.0;N/A;N/A;0;N/A;0.0;16-05-2023 15:26:56
mercabarna.es;134.0.8.145;OK;2;Barcelona;Catalonia;ES;40.4165,-3.7026;41.3888,2.1590;AS197712;CDmon;08001;Europe/Madrid;12.2;16-05-2023 15:26:56
mocospace.com;N/A;N/A;0;N/A;N/A;N/A;40.4165,-3.7026;0.0, 0.0;N/A;N/A;0;N/A;0.0;16-05-2023 15:26:56
mondelezinternational.com;N/A;N/A;0;N/A;N/A;N/A;40.4165,-3.7026;0.0, 0.0;N/A;N/A;0;N/A;0.0;16-05-2023 15:26:56
memopal.com;31.169.105.67;OK;2;Rome;Lazio;IT;40.4165,-3.7026;41.8919,12.5113;AS197845;WESTPOLE S.P.A.;00118;Europe/Rome;38.2;16-05-2023 15:26:56
mparticle.com;N/A;N/A;0;N/A;N/A;N/A;40.4165,-3.7026;0.0, 0.0;N/A;N/A;0;N/A;0.0;16-05-2023 15:26:56
msn.com;N/A;N/A;0;N/A;N/A;N/A;40.4165,-3.7026;0.0, 0.0;N/A;N/A;0;N/A;0.0;16-05-2023 15:26:56
mejortorrent.com;69.16.230.42;OK;3;Lansing;Michigan;US;40.4165,-3.7026;42.7325,-84.5555;AS32244;Liquid Web, L.L.C;48901;America/Detroit;111;16-05-2023 15:26:56
miniclip.com;54.192.95.55;OK;1;Madrid;Madrid;ES;40.4165,-3.7026;40.4165,-3.7026;AS16509;Amazon.com, Inc.;28001;Europe/Madrid;3.42;16-05-2023 15:26:56
moovitapp.com;18.154.22.43;OK;1;Madrid;Madrid;ES;40.4165,-3.7026;40.4165,-3.7026;AS16509;Amazon.com, Inc.;28001;Europe/Madrid;3.23;16-05-2023 15:26:56
mlb.tv;34.102.169.19;OK;1;Kansas City;Missouri;US;40.4165,-3.7026;39.0997,-94.5786;AS396982;Google LLC;64106;America/Chicago;3.73;16-05-2023 15:26:56
n26.com;N/A;N/A;0;N/A;N/A;N/A;40.4165,-3.7026;0.0, 0.0;N/A;N/A;0;N/A;0.0;16-05-2023 15:26:56
nba.com;N/A;N/A;0;N/A;N/A;N/A;40.4165,-3.7026;0.0, 0.0;N/A;N/A;0;N/A;0.0;16-05-2023 15:26:56
mixi.jp;N/A;KO;3;N/A;N/A;N/A;40.4165,-3.7026;0.0, 0.0;N/A;N/A;0;N/A;0.0;16-05-2023 15:26:56
youtube-ui.l.google.com;142.250.200.142;OK;1;Madrid;Madrid;ES;40.4165,-3.7026;40.4165,-3.7026;AS15169;Google LLC;28001;Europe/Madrid;3.51;16-05-2023 15:26:56
netflix.com;N/A;N/A;0;N/A;N/A;N/A;40.4165,-3.7026;0.0, 0.0;N/A;N/A;0;N/A;0.0;16-05-2023 15:26:56
mundodeportivo.com;N/A;KO;3;N/A;N/A;N/A;40.4165,-3.7026;0.0, 0.0;N/A;N/A;0;N/A;0.0;16-05-2023 15:26:57
neuvoo.com;N/A;N/A;0;N/A;N/A;N/A;40.4165,-3.7026;0.0, 0.0;N/A;N/A;0;N/A;0.0;16-05-2023 15:26:57
myheritage.es;45.60.13.42;OK;1;Redwood City;California;US;40.4165,-3.7026;37.5331,-122.2486;AS19551;Incapsula Inc;94065;America/Los_Angeles;3.61;16-05-2023 15:26:57
myspace.com;34.111.176.156;OK;1;Kansas City;Missouri;US;40.4165,-3.7026;39.0997,-94.5786;AS396982;Google LLC;64106;America/Chicago;3.53;16-05-2023 15:26:57
networksolutions.com;162.159.128.31;OK;1;San Francisco;California;US;40.4165,-3.7026;37.7621,-122.3971;AS13335;Cloudflare, Inc.;94107;America/Los_Angeles;2.75;16-05-2023 15:26:57
atresmedia.map.fastly.net;151.101.133.89;OK;2;Madrid;Madrid;ES;40.4165,-3.7026;40.4165,-3.7026;AS54113;Fastly, Inc.;28001;Europe/Madrid;2.44;16-05-2023 15:26:57
netsuite.com;N/A;KO;3;N/A;N/A;N/A;40.4165,-3.7026;0.0, 0.0;N/A;N/A;0;N/A;0.0;16-05-2023 15:26:57
nk.pl;76.223.36.217;OK;1;Seattle;Washington;US;40.4165,-3.7026;47.5413,-122.3129;AS16509;Amazon.com, Inc.;98108;America/Los_Angeles;22.8;16-05-2023 15:26:57
nfl.com;151.101.129.153;OK;2;San Francisco;California;US;40.4165,-3.7026;37.7621,-122.3971;AS54113;Fastly, Inc.;94107;America/Los_Angeles;2.92;16-05-2023 15:26:57
atresmedia.map.fastly.net;151.101.133.89;OK;1;Madrid;Madrid;ES;40.4165,-3.7026;40.4165,-3.7026;AS54113;Fastly, Inc.;28001;Europe/Madrid;3.41;16-05-2023 15:26:57
novartis.com;104.18.0.16;OK;1;San Francisco;California;US;40.4165,-3.7026;37.7621,-122.3971;AS13335;Cloudflare, Inc.;94107;America/Los_Angeles;3.20;16-05-2023 15:26:58
office365.com;N/A;N/A;0;N/A;N/A;N/A;40.4165,-3.7026;0.0, 0.0;N/A;N/A;0;N/A;0.0;16-05-2023 15:26:58
ning.com;208.82.16.81;OK;3;Dallas;Texas;US;40.4165,-3.7026;32.7831,-96.8067;AS13535;Ning Interactive, Inc.;75201;America/Chicago;127;16-05-2023 15:26:58
nominalia.com;81.88.58.195;OK;3;Milan;Lombardy;IT;40.4165,-3.7026;45.4643,9.1895;AS39729;REGISTER S.P.A.;20121;Europe/Rome;33.2;16-05-2023 15:26:58
ondacero.es;N/A;N/A;0;N/A;N/A;N/A;40.4165,-3.7026;0.0, 0.0;N/A;N/A;0;N/A;0.0;16-05-2023 15:26:58
office.com;13.107.6.156;OK;1;Redmond;Washington;US;40.4165,-3.7026;47.6740,-122.1215;AS8068;Microsoft Corporation;98052;America/Los_Angeles;25.7;16-05-2023 15:26:58
okdiario.com;104.18.18.5;OK;1;San Francisco;California;US;40.4165,-3.7026;37.7621,-122.3971;AS13335;Cloudflare, Inc.;94107;America/Los_Angeles;2.91;16-05-2023 15:26:58
ok.ru;217.20.155.13;OK;1;Moscow;Moscow;RU;40.4165,-3.7026;55.7522,37.6156;AS47764;LLC VK;101000;Europe/Moscow;74.6;16-05-2023 15:26:58
ntp.org;204.93.207.22;OK;3;Chicago;Illinois;US;40.4165,-3.7026;41.8500,-87.6500;AS23352;Server Central Network;60666;America/Chicago;117;16-05-2023 15:26:58
opendrive.com;N/A;N/A;0;N/A;N/A;N/A;40.4165,-3.7026;0.0, 0.0;N/A;N/A;0;N/A;0.0;16-05-2023 15:26:58
openload.co;N/A;N/A;0;N/A;N/A;N/A;40.4165,-3.7026;0.0, 0.0;N/A;N/A;0;N/A;0.0;16-05-2023 15:26:58
e12322.b.akamaiedge.net;184.85.197.101;OK;1;Madrid;Madrid;ES;40.4165,-3.7026;40.4165,-3.7026;AS16625;Akamai Technologies, Inc.;28001;Europe/Madrid;3.14;16-05-2023 15:26:58
openbank.es;18.154.22.26;OK;1;Madrid;Madrid;ES;40.4165,-3.7026;40.4165,-3.7026;AS16509;Amazon.com, Inc.;28001;Europe/Madrid;15.9;16-05-2023 15:26:58
orangetv.orange.es;N/A;N/A;0;N/A;N/A;N/A;40.4165,-3.7026;0.0, 0.0;N/A;N/A;0;N/A;0.0;16-05-2023 15:26:58
outbrain.com;N/A;N/A;0;N/A;N/A;N/A;40.4165,-3.7026;0.0, 0.0;N/A;N/A;0;N/A;0.0;16-05-2023 15:26:58
opendns.com;146.112.62.105;OK;1;Reston;Virginia;US;40.4165,-3.7026;38.9687,-77.3411;AS36692;Cisco OpenDNS, LLC;20190;America/New_York;96.2;16-05-2023 15:26:59
one.com;195.47.247.8;OK;2;Copenhagen;Capital Region;DK;40.4165,-3.7026;55.6759,12.5655;AS51468;One.com A/S;1072;Europe/Copenhagen;34.0;16-05-2023 15:26:59
orange.es;62.36.227.81;OK;1;Pozuelo de Alarcón;Madrid;ES;40.4165,-3.7026;40.4329,-3.8134;AS12715;Orange Espagne SA;28223;Europe/Madrid;4.35;16-05-2023 15:26:59
orange.com;90.84.180.167;OK;2;Paris;Île-de-France;FR;40.4165,-3.7026;48.8534,2.3488;AS2280;Orange S.A.;75000;Europe/Paris;23.6;16-05-2023 15:26:59
outlook.ha.office365.com;52.98.200.242;OK;1;Marseille;Provence-Alpes-Côte d'Azur;FR;40.4165,-3.7026;43.2970,5.3811;AS8075;Microsoft Corporation;13000;Europe/Paris;17.1;16-05-2023 15:26:59
parship.es;188.114.97.5;OK;1;San Francisco;California;US;40.4165,-3.7026;37.7621,-122.3971;AS13335;Cloudflare, Inc.;94107;America/Los_Angeles;3.22;16-05-2023 15:26:59
outlook.com;52.96.172.98;OK;2;Boydton;Virginia;US;40.4165,-3.7026;36.6676,-78.3875;AS8075;Microsoft Corporation;23917;America/New_York;101;16-05-2023 15:26:59
paypal.com;N/A;N/A;0;N/A;N/A;N/A;40.4165,-3.7026;0.0, 0.0;N/A;N/A;0;N/A;0.0;16-05-2023 15:26:59
periscope.tv;N/A;N/A;0;N/A;N/A;N/A;40.4165,-3.7026;0.0, 0.0;N/A;N/A;0;N/A;0.0;16-05-2023 15:26:59
personal.natwest.com;N/A;N/A;0;N/A;N/A;N/A;40.4165,-3.7026;0.0, 0.0;N/A;N/A;0;N/A;0.0;16-05-2023 15:26:59
personal.rbs.co.uk;N/A;N/A;0;N/A;N/A;N/A;40.4165,-3.7026;0.0, 0.0;N/A;N/A;0;N/A;0.0;16-05-2023 15:26:59
pi-hole.net;N/A;N/A;0;N/A;N/A;N/A;40.4165,-3.7026;0.0, 0.0;N/A;N/A;0;N/A;0.0;16-05-2023 15:26:59
ovh.es;198.27.92.5;OK;2;Montréal;Quebec;CA;40.4165,-3.7026;45.5040,-73.5747;AS16276;OVH SAS;H3A;America/Toronto;26.1;16-05-2023 15:26:59
pay.google.com;173.194.76.92;OK;1;Brussels;Brussels Capital;BE;40.4165,-3.7026;50.8505,4.3488;AS15169;Google LLC;1000;Europe/Brussels;23.8;16-05-2023 15:26:59
pccomponentes.com;104.16.162.71;OK;1;San Francisco;California;US;40.4165,-3.7026;37.7621,-122.3971;AS13335;Cloudflare, Inc.;94107;America/Los_Angeles;2.81;16-05-2023 15:27:00
pay.amazon.com;52.94.236.200;OK;3;Ashburn;Virginia;US;40.4165,-3.7026;39.0437,-77.4875;AS16509;Amazon.com, Inc.;20147;America/New_York;84.1;16-05-2023 15:27:00
pinterest.com;151.101.64.84;OK;1;San Francisco;California;US;40.4165,-3.7026;37.7621,-122.3971;AS54113;Fastly, Inc.;94107;America/Los_Angeles;2.55;16-05-2023 15:27:00
pisos.com;80.94.3.90;OK;2;Terrassa;Catalonia;ES;40.4165,-3.7026;41.5667,2.0167;AS39263;Ilimit Comunicacions S.L.;08220;Europe/Madrid;11.5;16-05-2023 15:27:00
playstation.com;N/A;N/A;0;N/A;N/A;N/A;40.4165,-3.7026;0.0, 0.0;N/A;N/A;0;N/A;0.0;16-05-2023 15:27:00
pizzaseo.com;212.57.32.24;OK;2;Bratislava;Bratislavský Kraj;SK;40.4165,-3.7026;48.1482,17.1067;AS48689;Webglobe, a.s.;811 01;Europe/Bratislava;44.3;16-05-2023 15:27:00
play.google.com;216.58.215.142;OK;1;Madrid;Madrid;ES;40.4165,-3.7026;40.4165,-3.7026;AS15169;Google LLC;28001;Europe/Madrid;3.32;16-05-2023 15:27:00
pitt.edu;136.142.34.30;OK;3;Pittsburgh;Pennsylvania;US;40.4165,-3.7026;40.4406,-79.9959;AS4130;University of Pittsburgh;15212;America/New_York;108;16-05-2023 15:27:01
pornhub.com;66.254.114.41;OK;2;Waltham;Massachusetts;US;40.4165,-3.7026;42.3986,-71.2451;AS30361;Swiftwill, Inc.;02451;America/New_York;3.10;16-05-2023 15:27:01
e13321.a.akamaiedge.net;23.60.223.97;OK;1;Madrid;Madrid;ES;40.4165,-3.7026;40.4165,-3.7026;AS16625;Akamai Technologies, Inc.;28001;Europe/Madrid;2.38;16-05-2023 15:27:01
e16871.a.akamaiedge.net;23.10.66.248;OK;1;Madrid;Madrid;ES;40.4165,-3.7026;40.4165,-3.7026;AS16625;Akamai Technologies, Inc.;28001;Europe/Madrid;2.85;16-05-2023 15:27:01
pscp.tv;N/A;N/A;0;N/A;N/A;N/A;40.4165,-3.7026;0.0, 0.0;N/A;N/A;0;N/A;0.0;16-05-2023 15:27:01
pubmatic.com;N/A;N/A;0;N/A;N/A;N/A;40.4165,-3.7026;0.0, 0.0;N/A;N/A;0;N/A;0.0;16-05-2023 15:27:01
qq.com;N/A;N/A;0;N/A;N/A;N/A;40.4165,-3.7026;0.0, 0.0;N/A;N/A;0;N/A;0.0;16-05-2023 15:27:01
powvideo.net;188.114.96.5;OK;1;San Francisco;California;US;40.4165,-3.7026;37.7621,-122.3971;AS13335;Cloudflare, Inc.;94107;America/Los_Angeles;3.27;16-05-2023 15:27:01
r4.com;N/A;N/A;0;N/A;N/A;N/A;40.4165,-3.7026;0.0, 0.0;N/A;N/A;0;N/A;0.0;16-05-2023 15:27:01
racc.es;N/A;N/A;0;N/A;N/A;N/A;40.4165,-3.7026;0.0, 0.0;N/A;N/A;0;N/A;0.0;16-05-2023 15:27:01
press-start.com;188.114.97.5;OK;1;San Francisco;California;US;40.4165,-3.7026;37.7621,-122.3971;AS13335;Cloudflare, Inc.;94107;America/Los_Angeles;2.74;16-05-2023 15:27:01
primevideo.com;18.67.240.15;OK;1;Madrid;Madrid;ES;40.4165,-3.7026;40.4165,-3.7026;AS16509;Amazon.com, Inc.;28001;Europe/Madrid;2.58;16-05-2023 15:27:01
radio.es;172.66.41.41;OK;1;San Francisco;California;US;40.4165,-3.7026;37.7621,-122.3971;AS13335;Cloudflare, Inc.;94107;America/Los_Angeles;3.91;16-05-2023 15:27:01
qzs.qq.com.sched.legopic2.tdnsv6.com;N/A;KO;3;N/A;N/A;N/A;40.4165,-3.7026;0.0, 0.0;N/A;N/A;0;N/A;0.0;16-05-2023 15:27:02
radiole.com;52.84.45.128;OK;1;Marseille;Provence-Alpes-Côte d'Azur;FR;40.4165,-3.7026;43.2970,5.3811;AS16509;Amazon.com, Inc.;13000;Europe/Paris;39.1;16-05-2023 15:27:02
rakuten.tv;N/A;N/A;0;N/A;N/A;N/A;40.4165,-3.7026;0.0, 0.0;N/A;N/A;0;N/A;0.0;16-05-2023 15:27:02
rae.es;104.26.1.151;OK;1;San Francisco;California;US;40.4165,-3.7026;37.7621,-122.3971;AS13335;Cloudflare, Inc.;94107;America/Los_Angeles;2.61;16-05-2023 15:27:02
radio-espana.com;217.70.186.100;OK;3;Luxembourg;Luxembourg;LU;40.4165,-3.7026;49.6117,6.1300;AS29169;GANDI SAS;L-1114;Europe/Luxembourg;35.4;16-05-2023 15:27:02
raiolanetworks.es;178.211.133.24;OK;1;Madrid;Madrid;ES;40.4165,-3.7026;40.4165,-3.7026;AS56958;Raiola Networks S.L.;28001;Europe/Madrid;5.00;16-05-2023 15:27:02
rapid7.com;18.154.48.108;OK;1;Madrid;Madrid;ES;40.4165,-3.7026;40.4165,-3.7026;AS16509;Amazon.com, Inc.;28001;Europe/Madrid;2.64;16-05-2023 15:27:02
reddit.com;151.101.65.140;OK;1;San Francisco;California;US;40.4165,-3.7026;37.7621,-122.3971;AS54113;Fastly, Inc.;94107;America/Los_Angeles;2.97;16-05-2023 15:27:03
ravelry.com;192.34.84.3;OK;2;Boston;Massachusetts;US;40.4165,-3.7026;42.3584,-71.0598;AS33083;AxcelX Technologies LLC;02108;America/New_York;93.7;16-05-2023 15:27:03
registrar.com;N/A;N/A;0;N/A;N/A;N/A;40.4165,-3.7026;0.0, 0.0;N/A;N/A;0;N/A;0.0;16-05-2023 15:27:03
rbcits.com;204.74.99.100;OK;2;Sterling;Virginia;US;40.4165,-3.7026;38.9814,-77.4723;AS397231;Neustar Security Services;20166;America/New_York;24.9;16-05-2023 15:27:03
rediris.es;130.206.13.20;OK;1;Madrid;Madrid;ES;40.4165,-3.7026;40.4165,-3.7026;AS766;Entidad Publica Empresarial Red.es;28001;Europe/Madrid;5.91;16-05-2023 15:27:03
republicamovil.es;34.120.120.146;OK;1;Kansas City;Missouri;US;40.4165,-3.7026;39.0997,-94.5786;AS396982;Google LLC;64106;America/Chicago;3.57;16-05-2023 15:27:03
researchgate.net;104.17.32.105;OK;1;San Francisco;California;US;40.4165,-3.7026;37.7621,-122.3971;AS13335;Cloudflare, Inc.;94107;America/Los_Angeles;3.37;16-05-2023 15:27:03
reverbnation.com;N/A;N/A;0;N/A;N/A;N/A;40.4165,-3.7026;0.0, 0.0;N/A;N/A;0;N/A;0.0;16-05-2023 15:27:03
renren.com;N/A;KO;3;N/A;N/A;N/A;40.4165,-3.7026;0.0, 0.0;N/A;N/A;0;N/A;0.0;16-05-2023 15:27:03
registrygate.com;95.130.22.77;OK;3;Munich;Bavaria;DE;40.4165,-3.7026;48.1374,11.5755;AS13246;Key-Systems GmbH;80331;Europe/Berlin;40.9;16-05-2023 15:27:03
roblox.com;N/A;N/A;0;N/A;N/A;N/A;40.4165,-3.7026;0.0, 0.0;N/A;N/A;0;N/A;0.0;16-05-2023 15:27:03
rockfm.fm;N/A;N/A;0;N/A;N/A;N/A;40.4165,-3.7026;0.0, 0.0;N/A;N/A;0;N/A;0.0;16-05-2023 15:27:03
rsch.samsungcloudsolution.com;N/A;N/A;0;N/A;N/A;N/A;40.4165,-3.7026;0.0,0.0;N/A;N/A;N/A;N/A;0.0;16-05-2023 15:27:04
rtve.es;N/A;N/A;0;N/A;N/A;N/A;40.4165,-3.7026;0.0, 0.0;N/A;N/A;0;N/A;0.0;16-05-2023 15:27:04
revistavanityfair.es;212.85.39.85;OK;1;Madrid;Madrid;ES;40.4165,-3.7026;40.4165,-3.7026;AS12521;Nova Internet S.L.;28001;Europe/Madrid;3.85;16-05-2023 15:27:04
reverso.net;137.74.102.128;OK;2;Lille;Hauts-de-France;FR;40.4165,-3.7026;50.6330,3.0586;AS16276;OVH SAS;59000;Europe/Paris;21.5;16-05-2023 15:27:04
ruralvia.com;N/A;N/A;0;N/A;N/A;N/A;40.4165,-3.7026;0.0, 0.0;N/A;N/A;0;N/A;0.0;16-05-2023 15:27:04
rincondelvago.com;N/A;KO;3;N/A;N/A;N/A;40.4165,-3.7026;0.0, 0.0;N/A;N/A;0;N/A;0.0;16-05-2023 15:27:04
rubiconproject.com;141.193.213.20;OK;2;Austin;Texas;US;40.4165,-3.7026;30.2672,-97.7431;AS209242;Cloudflare London, LLC;78701;America/Chicago;2.67;16-05-2023 15:27:04
samsung.com;N/A;N/A;0;N/A;N/A;N/A;40.4165,-3.7026;0.0, 0.0;N/A;N/A;0;N/A;0.0;16-05-2023 15:27:04
salesforce.com;184.31.10.133;OK;1;Cambridge;Massachusetts;US;40.4165,-3.7026;42.3620,-71.0830;AS33905;Akamai International B.V.;02142;America/New_York;3.74;16-05-2023 15:27:04
sap.com;N/A;N/A;0;N/A;N/A;N/A;40.4165,-3.7026;0.0, 0.0;N/A;N/A;0;N/A;0.0;16-05-2023 15:27:04
samsungelectronics.com;N/A;N/A;0;N/A;N/A;N/A;40.4165,-3.7026;0.0, 0.0;N/A;N/A;0;N/A;0.0;16-05-2023 15:27:04
sagepay.co.uk;45.60.151.250;OK;3;Redwood City;California;US;40.4165,-3.7026;37.5331,-122.2486;AS19551;Incapsula Inc;94065;America/Los_Angeles;93.8;16-05-2023 15:27:05
santanderconsumer.es;45.60.195.69;OK;1;Washington;Washington, D.C.;US;40.4165,-3.7026;38.8951,-77.0364;AS19551;Incapsula Inc;20004;America/New_York;98.7;16-05-2023 15:27:05
selfbank.es;N/A;N/A;0;N/A;N/A;N/A;40.4165,-3.7026;0.0, 0.0;N/A;N/A;0;N/A;0.0;16-05-2023 15:27:05
scorecardresearch.com;N/A;KO;3;N/A;N/A;N/A;40.4165,-3.7026;0.0, 0.0;N/A;N/A;0;N/A;0.0;16-05-2023 15:27:05
segundamano.es;18.154.41.62;OK;1;Madrid;Madrid;ES;40.4165,-3.7026;40.4165,-3.7026;AS16509;Amazon.com, Inc.;28001;Europe/Madrid;2.69;16-05-2023 15:27:05
seriesgato.xyz;N/A;N/A;0;N/A;N/A;N/A;40.4165,-3.7026;0.0,0.0;N/A;N/A;N/A;N/A;0.0;16-05-2023 15:27:05
878223.parkingcrew.net;13.248.148.254;OK;2;Seattle;Washington;US;40.4165,-3.7026;47.6339,-122.3476;AS16509;Amazon.com, Inc.;98109;America/Los_Angeles;20.3;16-05-2023 15:27:05
dnsscan.shadowserver.org;184.105.143.133;OK;3;San Jose;California;US;40.4165,-3.7026;37.3394,-121.8950;AS6939;Hurricane Electric LLC;95103;America/Los_Angeles;136;16-05-2023 15:27:05
play.foxsportsla.com;N/A;N/A;0;N/A;N/A;N/A;40.4165,-3.7026;0.0,0.0;N/A;N/A;N/A;N/A;0.0;16-05-2023 15:27:05
shtyle.fm;N/A;N/A;0;N/A;N/A;N/A;40.4165,-3.7026;0.0, 0.0;N/A;N/A;0;N/A;0.0;16-05-2023 15:27:05
simplify.com;N/A;N/A;0;N/A;N/A;N/A;40.4165,-3.7026;0.0, 0.0;N/A;N/A;0;N/A;0.0;16-05-2023 15:27:05
seriespapaya.xyz;N/A;KO;3;N/A;N/A;N/A;40.4165,-3.7026;0.0, 0.0;N/A;N/A;0;N/A;0.0;16-05-2023 15:27:06
simyo.es;35.241.18.41;OK;1;Kansas City;Missouri;US;40.4165,-3.7026;39.0997,-94.5786;AS15169;Google LLC;64106;America/Chicago;3.46;16-05-2023 15:27:06
skrill.com;N/A;N/A;0;N/A;N/A;N/A;40.4165,-3.7026;0.0, 0.0;N/A;N/A;0;N/A;0.0;16-05-2023 15:27:06
seriesz.com;23.236.62.147;OK;2;Council Bluffs;Iowa;US;40.4165,-3.7026;41.2619,-95.8608;AS396982;Google LLC;51502;America/Chicago;101;16-05-2023 15:27:06
skype.com;N/A;N/A;0;N/A;N/A;N/A;40.4165,-3.7026;0.0, 0.0;N/A;N/A;0;N/A;0.0;16-05-2023 15:27:06
ticketmaster-intl.map.fastly.net;151.101.134.87;OK;1;Madrid;Madrid;ES;40.4165,-3.7026;40.4165,-3.7026;AS54113;Fastly, Inc.;28001;Europe/Madrid;3.53;16-05-2023 15:27:06
sfgate.com;N/A;KO;3;N/A;N/A;N/A;40.4165,-3.7026;0.0, 0.0;N/A;N/A;0;N/A;0.0;16-05-2023 15:27:06
siteground.es;34.111.142.145;OK;1;Kansas City;Missouri;US;40.4165,-3.7026;39.0997,-94.5786;AS396982;Google LLC;64106;America/Chicago;3.54;16-05-2023 15:27:06
smartadserver.com;34.160.41.36;OK;1;Kansas City;Missouri;US;40.4165,-3.7026;39.0997,-94.5786;AS15169;Google LLC;64106;America/Chicago;3.51;16-05-2023 15:27:06
skyrock.com;91.203.187.104;OK;1;Paris;Île-de-France;FR;40.4165,-3.7026;48.8534,2.3488;AS41064;Telefun SAS;75000;Europe/Paris;29.4;16-05-2023 15:27:07
smartclip.net;18.154.22.125;OK;1;Madrid;Madrid;ES;40.4165,-3.7026;40.4165,-3.7026;AS16509;Amazon.com, Inc.;28001;Europe/Madrid;2.94;16-05-2023 15:27:07
sky.es;N/A;KO;3;N/A;N/A;N/A;40.4165,-3.7026;0.0, 0.0;N/A;N/A;0;N/A;0.0;16-05-2023 15:27:07
smartclip.tv;35.198.133.134;OK;1;Frankfurt am Main;Hesse;DE;40.4165,-3.7026;50.1155,8.6842;AS396982;Google LLC;60306;Europe/Berlin;32.8;16-05-2023 15:27:07
snapchat.com;34.149.46.130;OK;1;Kansas City;Missouri;US;40.4165,-3.7026;39.0997,-94.5786;AS15169;Google LLC;64106;America/Chicago;4.47;16-05-2023 15:27:07
softonic.com;35.227.233.104;OK;1;Kansas City;Missouri;US;40.4165,-3.7026;39.0997,-94.5786;AS15169;Google LLC;64106;America/Chicago;3.68;16-05-2023 15:27:07
solteros50.es;93.104.242.20;OK;1;Thannhausen;Bavaria;DE;40.4165,-3.7026;48.2833,10.4692;AS8767;M-net Telekommunikations GmbH;86470;Europe/Berlin;34.6;16-05-2023 15:27:07
solterosconnivel.es;93.104.242.20;OK;1;Thannhausen;Bavaria;DE;40.4165,-3.7026;48.2833,10.4692;AS8767;M-net Telekommunikations GmbH;86470;Europe/Berlin;34.5;16-05-2023 15:27:07
novobanco.es;N/A;N/A;0;N/A;N/A;N/A;40.4165,-3.7026;0.0,0.0;N/A;N/A;N/A;N/A;0.0;16-05-2023 15:27:07
sports.sportium.es;N/A;N/A;0;N/A;N/A;N/A;40.4165,-3.7026;0.0, 0.0;N/A;N/A;0;N/A;0.0;16-05-2023 15:27:07
spotbros.imbox.me;N/A;N/A;0;N/A;N/A;N/A;40.4165,-3.7026;0.0,0.0;N/A;N/A;N/A;N/A;0.0;16-05-2023 15:27:07
sophos.com;96.16.88.163;OK;1;Madrid;Madrid;ES;40.4165,-3.7026;40.4165,-3.7026;AS20940;Akamai International B.V.;28001;Europe/Madrid;3.40;16-05-2023 15:27:07
sourceforge.net;104.18.11.128;OK;1;San Francisco;California;US;40.4165,-3.7026;37.7621,-122.3971;AS13335;Cloudflare, Inc.;94107;America/Los_Angeles;2.90;16-05-2023 15:27:07
sport.es;195.76.147.109;OK;1;Madrid;Madrid;ES;40.4165,-3.7026;40.4165,-3.7026;AS3352;TELEFONICA DE ESPANA S.A.U.;28042;Europe/Madrid;4.76;16-05-2023 15:27:08
soundcloud.com;N/A;KO;3;N/A;N/A;N/A;40.4165,-3.7026;0.0, 0.0;N/A;N/A;0;N/A;0.0;16-05-2023 15:27:08
spotify.com;35.186.224.25;OK;1;Kansas City;Missouri;US;40.4165,-3.7026;39.0997,-94.5786;AS15169;Google LLC;64106;America/Chicago;3.81;16-05-2023 15:27:08
spideroak.com;N/A;KO;3;N/A;N/A;N/A;40.4165,-3.7026;0.0, 0.0;N/A;N/A;0;N/A;0.0;16-05-2023 15:27:08
streamplay.fi;185.58.213.24;OK;1;Copenhagen;Capital Region;DK;40.4165,-3.7026;55.6511,12.6030;AS201595;mono solutions ApS;2300;Europe/Copenhagen;31.6;16-05-2023 15:27:08
startpage.com;37.0.87.3;OK;2;Amsterdam;North Holland;NL;40.4165,-3.7026;52.3630,4.8924;AS28685;Routit BV;1017;Europe/Amsterdam;34.9;16-05-2023 15:27:08
stubhub.es;2.17.211.208;OK;1;Madrid;Madrid;ES;40.4165,-3.7026;40.4165,-3.7026;AS20940;Akamai International B.V.;28001;Europe/Madrid;2.89;16-05-2023 15:27:08
studivz.net;N/A;N/A;0;N/A;N/A;N/A;40.4165,-3.7026;0.0,0.0;N/A;N/A;N/A;N/A;0.0;16-05-2023 15:27:08
T.co;N/A;KO;3;N/A;N/A;N/A;40.4165,-3.7026;0.0, 0.0;N/A;N/A;0;N/A;0.0;16-05-2023 15:27:08
sugarsync.com;208.94.4.90;OK;2;San Francisco;California;US;40.4165,-3.7026;37.7309,-122.3886;AS46253;Mudhook Marketing Inc;94124;America/Los_Angeles;158;16-05-2023 15:27:08
taboola.com;151.101.66.132;OK;2;San Francisco;California;US;40.4165,-3.7026;37.7621,-122.3971;AS54113;Fastly, Inc.;94107;America/Los_Angeles;3.04;16-05-2023 15:27:09
tagged.com;135.84.35.166;OK;2;San Francisco;California;US;40.4165,-3.7026;37.7749,-122.4194;AS36080;IFWE INC;94102;America/Los_Angeles;151;16-05-2023 15:27:09
teads.tv;N/A;N/A;0;N/A;N/A;N/A;40.4165,-3.7026;0.0, 0.0;N/A;N/A;0;N/A;0.0;16-05-2023 15:27:09
telecinco.es;N/A;N/A;0;N/A;N/A;N/A;40.4165,-3.7026;0.0, 0.0;N/A;N/A;0;N/A;0.0;16-05-2023 15:27:09
tablondeanuncios.com;93.189.36.78;OK;3;Madrid;Madrid;ES;40.4165,-3.7026;40.4165,-3.7026;AS45037;Hispaweb Network;28001;Europe/Madrid;3.57;16-05-2023 15:27:09
targobank.es;145.226.46.83;OK;1;Strasbourg;Grand Est;FR;40.4165,-3.7026;48.5839,7.7455;AS8255;Euro-Information-Europeenne de Traitement de l'Information SAS;67000;Europe/Paris;33.6;16-05-2023 15:27:09
taobao.com;N/A;KO;3;N/A;N/A;N/A;40.4165,-3.7026;0.0, 0.0;N/A;N/A;0;N/A;0.0;16-05-2023 15:27:09
taringa.net;104.16.250.39;OK;1;San Francisco;California;US;40.4165,-3.7026;37.7621,-122.3971;AS13335;Cloudflare, Inc.;94107;America/Los_Angeles;2.49;16-05-2023 15:27:09
ticketswap.es;N/A;N/A;0;N/A;N/A;N/A;40.4165,-3.7026;0.0, 0.0;N/A;N/A;0;N/A;0.0;16-05-2023 15:27:09
target.com;151.101.194.187;OK;3;San Francisco;California;US;40.4165,-3.7026;37.7621,-122.3971;AS54113;Fastly, Inc.;94107;America/Los_Angeles;3.32;16-05-2023 15:27:09
ticketea.com;18.154.22.32;OK;1;Madrid;Madrid;ES;40.4165,-3.7026;40.4165,-3.7026;AS16509;Amazon.com, Inc.;28001;Europe/Madrid;3.23;16-05-2023 15:27:09
telepizza.es;45.60.47.42;OK;1;Redwood City;California;US;40.4165,-3.7026;37.5331,-122.2486;AS19551;Incapsula Inc;94065;America/Los_Angeles;3.88;16-05-2023 15:27:09
tiktok.com;18.154.41.123;OK;1;Madrid;Madrid;ES;40.4165,-3.7026;40.4165,-3.7026;AS16509;Amazon.com, Inc.;28001;Europe/Madrid;2.71;16-05-2023 15:27:10
trabelin.com;N/A;N/A;0;N/A;N/A;N/A;40.4165,-3.7026;0.0, 0.0;N/A;N/A;0;N/A;0.0;16-05-2023 15:27:10
post.n.shifen.com;N/A;KO;3;N/A;N/A;N/A;40.4165,-3.7026;0.0, 0.0;N/A;N/A;0;N/A;0.0;16-05-2023 15:27:10
telly.com;217.16.188.128;OK;3;Prague;Hlavní město Praha;CZ;40.4165,-3.7026;50.0880,14.4208;AS43541;VSHosting s.r.o.;110 00;Europe/Prague;41.9;16-05-2023 15:27:10
transferwise.com;104.18.168.45;OK;1;San Francisco;California;US;40.4165,-3.7026;37.7621,-122.3971;AS13335;Cloudflare, Inc.;94107;America/Los_Angeles;3.46;16-05-2023 15:27:10
ticketmaster.es;151.101.194.87;OK;3;San Francisco;California;US;40.4165,-3.7026;37.7621,-122.3971;AS54113;Fastly, Inc.;94107;America/Los_Angeles;2.46;16-05-2023 15:27:10
tinder.com;52.84.150.39;OK;2;Seattle;Washington;US;40.4165,-3.7026;47.6062,-122.3321;AS16509;Amazon.com, Inc.;98101;America/Los_Angeles;24.9;16-05-2023 15:27:10
tourbar.com;N/A;KO;3;N/A;N/A;N/A;40.4165,-3.7026;0.0, 0.0;N/A;N/A;0;N/A;0.0;16-05-2023 15:27:10
tumblr.com;N/A;N/A;0;N/A;N/A;N/A;40.4165,-3.7026;0.0, 0.0;N/A;N/A;0;N/A;0.0;16-05-2023 15:27:10
tv.orange.es;N/A;N/A;0;N/A;N/A;N/A;40.4165,-3.7026;0.0, 0.0;N/A;N/A;0;N/A;0.0;16-05-2023 15:27:10
www3.l.google.com;142.250.185.14;OK;1;Madrid;Madrid;ES;40.4165,-3.7026;40.4165,-3.7026;AS15169;Google LLC;28001;Europe/Madrid;3.06;16-05-2023 15:27:10
aec01.esc.edgetcdn.net;185.103.37.77;OK;1;Madrid;Madrid;ES;40.4165,-3.7026;40.4165,-3.7026;AS29119;AIRE NETWORKS DEL MEDITERRANEO SL UNIPERSONAL;28001;Europe/Madrid;4.58;16-05-2023 15:27:10
trecetv.es;N/A;KO;3;N/A;N/A;N/A;40.4165,-3.7026;0.0, 0.0;N/A;N/A;0;N/A;0.0;16-05-2023 15:27:11
tv.youtube.com;142.250.200.110;OK;1;Madrid;Madrid;ES;40.4165,-3.7026;40.4165,-3.7026;AS15169;Google LLC;28001;Europe/Madrid;2.89;16-05-2023 15:27:11
uab.cat;N/A;N/A;0;N/A;N/A;N/A;40.4165,-3.7026;0.0, 0.0;N/A;N/A;0;N/A;0.0;16-05-2023 15:27:11
uah.es;N/A;N/A;0;N/A;N/A;N/A;40.4165,-3.7026;0.0, 0.0;N/A;N/A;0;N/A;0.0;16-05-2023 15:27:11
tripadvisor.es;N/A;KO;3;N/A;N/A;N/A;40.4165,-3.7026;0.0, 0.0;N/A;N/A;0;N/A;0.0;16-05-2023 15:27:11
ub.edu;N/A;N/A;0;N/A;N/A;N/A;40.4165,-3.7026;0.0, 0.0;N/A;N/A;0;N/A;0.0;16-05-2023 15:27:11
twitch.tv;151.101.66.167;OK;3;San Francisco;California;US;40.4165,-3.7026;37.7621,-122.3971;AS54113;Fastly, Inc.;94107;America/Los_Angeles;3.01;16-05-2023 15:27:11
ubs.com;N/A;N/A;0;N/A;N/A;N/A;40.4165,-3.7026;0.0, 0.0;N/A;N/A;0;N/A;0.0;16-05-2023 15:27:11
uc3m.es;N/A;N/A;0;N/A;N/A;N/A;40.4165,-3.7026;0.0, 0.0;N/A;N/A;0;N/A;0.0;16-05-2023 15:27:11
triodos.es;185.113.196.138;OK;3;Amsterdam;North Holland;NL;40.4165,-3.7026;52.3740,4.8897;AS8315;Accenture B. V.;1012;Europe/Amsterdam;35.4;16-05-2023 15:27:11
uclm.es;N/A;N/A;0;N/A;N/A;N/A;40.4165,-3.7026;0.0, 0.0;N/A;N/A;0;N/A;0.0;16-05-2023 15:27:11
ucm.es;N/A;N/A;0;N/A;N/A;N/A;40.4165,-3.7026;0.0, 0.0;N/A;N/A;0;N/A;0.0;16-05-2023 15:27:11
udg.edu;N/A;N/A;0;N/A;N/A;N/A;40.4165,-3.7026;0.0, 0.0;N/A;N/A;0;N/A;0.0;16-05-2023 15:27:11
udc.es;N/A;N/A;0;N/A;N/A;N/A;40.4165,-3.7026;0.0, 0.0;N/A;N/A;0;N/A;0.0;16-05-2023 15:27:11
uib.cat;N/A;N/A;0;N/A;N/A;N/A;40.4165,-3.7026;0.0, 0.0;N/A;N/A;0;N/A;0.0;16-05-2023 15:27:11
ull.es;N/A;N/A;0;N/A;N/A;N/A;40.4165,-3.7026;0.0, 0.0;N/A;N/A;0;N/A;0.0;16-05-2023 15:27:11
ulpgc.es;N/A;N/A;0;N/A;N/A;N/A;40.4165,-3.7026;0.0, 0.0;N/A;N/A;0;N/A;0.0;16-05-2023 15:27:11
um.es;N/A;N/A;0;N/A;N/A;N/A;40.4165,-3.7026;0.0, 0.0;N/A;N/A;0;N/A;0.0;16-05-2023 15:27:11
umh.es;N/A;N/A;0;N/A;N/A;N/A;40.4165,-3.7026;0.0, 0.0;N/A;N/A;0;N/A;0.0;16-05-2023 15:27:11
unav.edu;N/A;N/A;0;N/A;N/A;N/A;40.4165,-3.7026;0.0, 0.0;N/A;N/A;0;N/A;0.0;16-05-2023 15:27:11
unicajabanco.es;N/A;N/A;0;N/A;N/A;N/A;40.4165,-3.7026;0.0, 0.0;N/A;N/A;0;N/A;0.0;16-05-2023 15:27:11
uam.es;150.244.214.237;OK;2;Madrid;Madrid;ES;40.4165,-3.7026;40.4165,-3.7026;AS766;Entidad Publica Empresarial Red.es;28001;Europe/Madrid;6.13;16-05-2023 15:27:11
twoo.com;N/A;KO;3;N/A;N/A;N/A;40.4165,-3.7026;0.0, 0.0;N/A;N/A;0;N/A;0.0;16-05-2023 15:27:11
uniovi.es;N/A;N/A;0;N/A;N/A;N/A;40.4165,-3.7026;0.0, 0.0;N/A;N/A;0;N/A;0.0;16-05-2023 15:27:11
ubereats.com;34.98.127.226;OK;1;Kansas City;Missouri;US;40.4165,-3.7026;39.0997,-94.5786;AS396982;Google LLC;64106;America/Chicago;3.22;16-05-2023 15:27:11
univision.com;N/A;N/A;0;N/A;N/A;N/A;40.4165,-3.7026;0.0, 0.0;N/A;N/A;0;N/A;0.0;16-05-2023 15:27:11
twitter.com;104.244.42.193;OK;3;San Francisco;California;US;40.4165,-3.7026;37.7725,-122.4147;AS13414;Twitter Inc.;94103;America/Los_Angeles;32.5;16-05-2023 15:27:12
uoc.edu;N/A;N/A;0;N/A;N/A;N/A;40.4165,-3.7026;0.0, 0.0;N/A;N/A;0;N/A;0.0;16-05-2023 15:27:12
ugr.es;150.214.27.71;OK;1;Córdoba;Andalusia;ES;40.4165,-3.7026;37.8916,-4.7728;AS198096;Junta de Andalucia;14001;Europe/Madrid;17.0;16-05-2023 15:27:12
unileon.es;193.146.99.94;OK;1;Madrid;Madrid;ES;40.4165,-3.7026;40.4165,-3.7026;AS766;Entidad Publica Empresarial Red.es;28001;Europe/Madrid;9.06;16-05-2023 15:27:12
unity3d.com;92.123.56.41;OK;1;Madrid;Madrid;ES;40.4165,-3.7026;40.4165,-3.7026;AS16625;Akamai Technologies, Inc.;28001;Europe/Madrid;2.62;16-05-2023 15:27:12
unity.com;184.50.112.241;OK;1;London;England;GB;40.4165,-3.7026;51.5085,-0.1257;AS20940;Akamai International B.V.;EC1A;Europe/London;24.8;16-05-2023 15:27:12
upm.es;N/A;N/A;0;N/A;N/A;N/A;40.4165,-3.7026;0.0, 0.0;N/A;N/A;0;N/A;0.0;16-05-2023 15:27:12
unizar.es;155.210.11.37;OK;1;Zaragoza;Aragon;ES;40.4165,-3.7026;41.6561,-0.8773;AS766;Entidad Publica Empresarial Red.es;50001;Europe/Madrid;15.4;16-05-2023 15:27:12
upo.es;N/A;N/A;0;N/A;N/A;N/A;40.4165,-3.7026;0.0, 0.0;N/A;N/A;0;N/A;0.0;16-05-2023 15:27:12
urv.cat;N/A;N/A;0;N/A;N/A;N/A;40.4165,-3.7026;0.0, 0.0;N/A;N/A;0;N/A;0.0;16-05-2023 15:27:12
usal.es;N/A;N/A;0;N/A;N/A;N/A;40.4165,-3.7026;0.0, 0.0;N/A;N/A;0;N/A;0.0;16-05-2023 15:27:12
urjc.es;N/A;N/A;0;N/A;N/A;N/A;40.4165,-3.7026;0.0,0.0;N/A;N/A;N/A;N/A;0.0;16-05-2023 15:27:12
uploaded.net;172.67.149.100;OK;1;San Francisco;California;US;40.4165,-3.7026;37.7621,-122.3971;AS13335;Cloudflare, Inc.;94107;America/Los_Angeles;2.79;16-05-2023 15:27:12
upf.edu;34.160.111.234;OK;1;Kansas City;Missouri;US;40.4165,-3.7026;39.0997,-94.5786;AS15169;Google LLC;64106;America/Chicago;3.56;16-05-2023 15:27:12
vampirefreaks.com;23.227.38.65;OK;1;Ottawa;Ontario;CA;40.4165,-3.7026;45.4166,-75.6904;AS13335;Cloudflare, Inc.;K2P;America/Toronto;4.00;16-05-2023 15:27:12
lbf-ext-dc1-fr-a.front.vpgrp.net;185.183.112.100;OK;1;Paris;Île-de-France;FR;40.4165,-3.7026;48.8709,2.3561;AS60350;VENTE-PRIVEE.COM SA;75496 CEDEX 10;Europe/Paris;18.2;16-05-2023 15:27:12
upc.edu;147.83.2.135;OK;2;Sant Cugat del Vallès;Catalonia;ES;40.4165,-3.7026;41.4706,2.0861;AS13041;Consorci de Serveis Universitaris de Catalunya;08171;Europe/Madrid;12.0;16-05-2023 15:27:12
victoriamilan.com;N/A;N/A;0;N/A;N/A;N/A;40.4165,-3.7026;0.0, 0.0;N/A;N/A;0;N/A;0.0;16-05-2023 15:27:12
napster.map.fastly.net;151.101.134.233;OK;2;Madrid;Madrid;ES;40.4165,-3.7026;40.4165,-3.7026;AS54113;Fastly, Inc.;28001;Europe/Madrid;4.02;16-05-2023 15:27:12
vips.es;N/A;N/A;0;N/A;N/A;N/A;40.4165,-3.7026;0.0, 0.0;N/A;N/A;0;N/A;0.0;16-05-2023 15:27:12
b44110.1.cdn.telefonica.com;N/A;KO;3;N/A;N/A;N/A;40.4165,-3.7026;0.0, 0.0;N/A;N/A;0;N/A;0.0;16-05-2023 15:27:13
vodafone.com;N/A;N/A;0;N/A;N/A;N/A;40.4165,-3.7026;0.0, 0.0;N/A;N/A;0;N/A;0.0;16-05-2023 15:27:13
vibbo.com;52.84.66.5;OK;1;Madrid;Madrid;ES;40.4165,-3.7026;40.4165,-3.7026;AS16509;Amazon.com, Inc.;28001;Europe/Madrid;6.26;16-05-2023 15:27:13
verisure.es;13.248.207.126;OK;2;Seattle;Washington;US;40.4165,-3.7026;47.6339,-122.3476;AS16509;Amazon.com, Inc.;98109;America/Los_Angeles;2.58;16-05-2023 15:27:13
vimeo.com;162.159.138.60;OK;1;San Francisco;California;US;40.4165,-3.7026;37.7621,-122.3971;AS13335;Cloudflare, Inc.;94107;America/Los_Angeles;3.28;16-05-2023 15:27:13
web.telegram.org;N/A;N/A;0;N/A;N/A;N/A;40.4165,-3.7026;0.0, 0.0;N/A;N/A;0;N/A;0.0;16-05-2023 15:27:13
verizon.com;192.16.31.111;OK;2;Washington;Washington, D.C.;US;40.4165,-3.7026;38.8951,-77.0364;AS14153;Edgecast Inc.;20004;America/New_York;91.3;16-05-2023 15:27:13
vk.com;87.240.132.72;OK;2;Saint Petersburg;St.-Petersburg;RU;40.4165,-3.7026;59.9386,30.3141;AS47541;VKontakte Ltd;190000;Europe/Moscow;75.5;16-05-2023 15:27:13
vodafonetvonline.es;52.30.24.109;OK;1;Dublin;Leinster;IE;40.4165,-3.7026;53.3331,-6.2489;AS16509;Amazon.com, Inc.;D02;Europe/Dublin;36.0;16-05-2023 15:27:13
awspsfw.unican.es;193.144.193.64;OK;1;Santander;Cantabria;ES;40.4165,-3.7026;43.4647,-3.8044;AS766;Entidad Publica Empresarial Red.es;39001;Europe/Madrid;13.3;16-05-2023 15:27:13
d2hu0yt003p47y.cloudfront.net;18.154.41.23;OK;1;Madrid;Madrid;ES;40.4165,-3.7026;40.4165,-3.7026;AS16509;Amazon.com, Inc.;28001;Europe/Madrid;3.02;16-05-2023 15:27:13
websitebuilder.com;N/A;N/A;0;N/A;N/A;N/A;40.4165,-3.7026;0.0, 0.0;N/A;N/A;0;N/A;0.0;16-05-2023 15:27:13
wayn.com;N/A;KO;3;N/A;N/A;N/A;40.4165,-3.7026;0.0, 0.0;N/A;N/A;0;N/A;0.0;16-05-2023 15:27:14
web1.wechat.com;N/A;KO;3;N/A;N/A;N/A;40.4165,-3.7026;0.0, 0.0;N/A;N/A;0;N/A;0.0;16-05-2023 15:27:14
mmx-ds.cdn.whatsapp.net;185.60.219.60;OK;1;Saint-Denis;Île-de-France;FR;40.4165,-3.7026;48.9356,2.3539;AS32934;Facebook, Inc.;93206 CEDEX;Europe/Paris;25.2;16-05-2023 15:27:14
webnode.es;93.185.100.184;OK;2;Prague;Hlavní město Praha;CZ;40.4165,-3.7026;50.0880,14.4208;AS43541;VSHosting s.r.o.;110 00;Europe/Prague;42.3;16-05-2023 15:27:14
webempresa.com;87.98.229.251;OK;2;Lille;Hauts-de-France;FR;40.4165,-3.7026;50.6330,3.0586;AS16276;OVH SAS;59000;Europe/Paris;22.0;16-05-2023 15:27:14
wechat.com;N/A;KO;3;N/A;N/A;N/A;40.4165,-3.7026;0.0, 0.0;N/A;N/A;0;N/A;0.0;16-05-2023 15:27:14
wego.here.com;N/A;KO;3;N/A;N/A;N/A;40.4165,-3.7026;0.0, 0.0;N/A;N/A;0;N/A;0.0;16-05-2023 15:27:14
whatsapp.com;185.60.219.60;OK;1;Saint-Denis;Île-de-France;FR;40.4165,-3.7026;48.9356,2.3539;AS32934;Facebook, Inc.;93206 CEDEX;Europe/Paris;25.0;16-05-2023 15:27:14
weebly.com;74.115.50.110;OK;3;San Francisco;California;US;40.4165,-3.7026;37.7749,-122.4194;AS27647;Weebly, Inc.;94102;America/Los_Angeles;164;16-05-2023 15:27:15
wish.com;N/A;N/A;0;N/A;N/A;N/A;40.4165,-3.7026;0.0, 0.0;N/A;N/A;0;N/A;0.0;16-05-2023 15:27:15
weheartit.com;N/A;KO;3;N/A;N/A;N/A;40.4165,-3.7026;0.0, 0.0;N/A;N/A;0;N/A;0.0;16-05-2023 15:27:15
wizink.es;N/A;N/A;0;N/A;N/A;N/A;40.4165,-3.7026;0.0, 0.0;N/A;N/A;0;N/A;0.0;16-05-2023 15:27:15
weibo.com;N/A;KO;3;N/A;N/A;N/A;40.4165,-3.7026;0.0, 0.0;N/A;N/A;0;N/A;0.0;16-05-2023 15:27:15
wikipedia.org;185.15.58.224;OK;1;Marseille;Provence-Alpes-Côte d'Azur;FR;40.4165,-3.7026;43.2970,5.3811;AS14907;Wikimedia Foundation Inc.;13000;Europe/Paris;33.2;16-05-2023 15:27:15
wuaki.tv;N/A;N/A;0;N/A;N/A;N/A;40.4165,-3.7026;0.0, 0.0;N/A;N/A;0;N/A;0.0;16-05-2023 15:27:15
Wordpress.com;192.0.78.17;OK;1;San Francisco;California;US;40.4165,-3.7026;37.7509,-122.4153;AS2635;Automattic, Inc;94110;America/Los_Angeles;3.98;16-05-2023 15:27:15
www.abchina.com;N/A;N/A;0;N/A;N/A;N/A;40.4165,-3.7026;0.0, 0.0;N/A;N/A;0;N/A;0.0;16-05-2023 15:27:15
www.boc.cn;N/A;N/A;0;N/A;N/A;N/A;40.4165,-3.7026;0.0, 0.0;N/A;N/A;0;N/A;0.0;16-05-2023 15:27:15
www.caixaontinyent.es;N/A;N/A;0;N/A;N/A;N/A;40.4165,-3.7026;0.0, 0.0;N/A;N/A;0;N/A;0.0;16-05-2023 15:27:15
www.hefame.es;N/A;N/A;0;N/A;N/A;N/A;40.4165,-3.7026;0.0, 0.0;N/A;N/A;0;N/A;0.0;16-05-2023 15:27:15
www.redsys.es;N/A;N/A;0;N/A;N/A;N/A;40.4165,-3.7026;0.0, 0.0;N/A;N/A;0;N/A;0.0;16-05-2023 15:27:15
whois.edu.za;N/A;KO;3;N/A;N/A;N/A;40.4165,-3.7026;0.0, 0.0;N/A;N/A;0;N/A;0.0;16-05-2023 15:27:15
worldpay.com;N/A;KO;3;N/A;N/A;N/A;40.4165,-3.7026;0.0, 0.0;N/A;N/A;0;N/A;0.0;16-05-2023 15:27:15
wordreference.com;23.111.171.90;OK;2;Tampa;Florida;US;40.4165,-3.7026;28.0091,-82.5034;AS29802;HIVELOCITY, Inc.;33614;America/New_York;96.0;16-05-2023 15:27:15
wildwestdomains.com;208.109.192.68;OK;3;Phoenix;Arizona;US;40.4165,-3.7026;33.4484,-112.0740;AS26496;GoDaddy.com, LLC;85001;America/Phoenix;155;16-05-2023 15:27:15
www.unirioja.es;N/A;N/A;0;N/A;N/A;N/A;40.4165,-3.7026;0.0, 0.0;N/A;N/A;0;N/A;0.0;16-05-2023 15:27:15
e1066.dscb.akamaiedge.net;23.74.85.53;OK;1;Madrid;Madrid;ES;40.4165,-3.7026;40.4165,-3.7026;AS16625;Akamai Technologies, Inc.;28001;Europe/Madrid;2.97;16-05-2023 15:27:16
www.us.es;N/A;N/A;0;N/A;N/A;N/A;40.4165,-3.7026;0.0, 0.0;N/A;N/A;0;N/A;0.0;16-05-2023 15:27:16
www.usc.es;N/A;N/A;0;N/A;N/A;N/A;40.4165,-3.7026;0.0, 0.0;N/A;N/A;0;N/A;0.0;16-05-2023 15:27:16
vuala.ua.es;N/A;KO;3;N/A;N/A;N/A;40.4165,-3.7026;0.0, 0.0;N/A;N/A;0;N/A;0.0;16-05-2023 15:27:16
s159m97.unavarra.es;130.206.159.97;OK;1;Pamplona;Navarre;ES;40.4165,-3.7026;42.8169,-1.6432;AS766;Entidad Publica Empresarial Red.es;31001;Europe/Madrid;22.1;16-05-2023 15:27:16
ccuma1i.sci.uma.es;N/A;KO;3;N/A;N/A;N/A;40.4165,-3.7026;0.0, 0.0;N/A;N/A;0;N/A;0.0;16-05-2023 15:27:16
xbox.com;N/A;N/A;0;N/A;N/A;N/A;40.4165,-3.7026;0.0, 0.0;N/A;N/A;0;N/A;0.0;16-05-2023 15:27:16
xbyorange.com;N/A;N/A;0;N/A;N/A;N/A;40.4165,-3.7026;0.0, 0.0;N/A;N/A;0;N/A;0.0;16-05-2023 15:27:16
ias.cc.upv.es;N/A;KO;3;N/A;N/A;N/A;40.4165,-3.7026;0.0, 0.0;N/A;N/A;0;N/A;0.0;16-05-2023 15:27:16
xing.com;N/A;N/A;0;N/A;N/A;N/A;40.4165,-3.7026;0.0, 0.0;N/A;N/A;0;N/A;0.0;16-05-2023 15:27:16
xnxx.com;N/A;N/A;0;N/A;N/A;N/A;40.4165,-3.7026;0.0, 0.0;N/A;N/A;0;N/A;0.0;16-05-2023 15:27:16
xvideos.com;N/A;N/A;0;N/A;N/A;N/A;40.4165,-3.7026;0.0, 0.0;N/A;N/A;0;N/A;0.0;16-05-2023 15:27:16
e7778.dsca.akamaiedge.net;23.39.74.204;OK;1;Madrid;Madrid;ES;40.4165,-3.7026;40.4165,-3.7026;AS16625;Akamai Technologies, Inc.;28001;Europe/Madrid;3.16;16-05-2023 15:27:16
www.uv.es;147.156.200.249;OK;1;Valencia;Valencia;ES;40.4165,-3.7026;39.4697,-0.3774;AS766;Entidad Publica Empresarial Red.es;46001;Europe/Madrid;11.2;16-05-2023 15:27:16
xataka.com;54.192.95.94;OK;1;Madrid;Madrid;ES;40.4165,-3.7026;40.4165,-3.7026;AS16509;Amazon.com, Inc.;28001;Europe/Madrid;3.60;16-05-2023 15:27:16
yelmocines.es;N/A;N/A;0;N/A;N/A;N/A;40.4165,-3.7026;0.0, 0.0;N/A;N/A;0;N/A;0.0;16-05-2023 15:27:16
k8swin.uned.es;62.204.213.111;OK;3;Madrid;Madrid;ES;40.4165,-3.7026;40.4165,-3.7026;AS15630;Universidad Nacional de Educacion a Distancia - UNED;28001;Europe/Madrid;5.24;16-05-2023 15:27:16
xhamster.com;104.18.156.3;OK;1;San Francisco;California;US;40.4165,-3.7026;37.7621,-122.3971;AS13335;Cloudflare, Inc.;94107;America/Los_Angeles;2.99;16-05-2023 15:27:16
youtube.com;142.250.178.174;OK;1;Madrid;Madrid;ES;40.4165,-3.7026;40.4165,-3.7026;AS15169;Google LLC;28001;Europe/Madrid;2.80;16-05-2023 15:27:17
yola.com;104.17.212.101;OK;1;San Francisco;California;US;40.4165,-3.7026;37.7621,-122.3971;AS13335;Cloudflare, Inc.;94107;America/Los_Angeles;4.60;16-05-2023 15:27:17
yelp.es;99.86.91.126;OK;1;Paris;Île-de-France;FR;40.4165,-3.7026;48.8534,2.3488;AS16509;Amazon.com, Inc.;75000;Europe/Paris;23.5;16-05-2023 15:27:17
youtube.es;216.58.209.78;OK;1;Madrid;Madrid;ES;40.4165,-3.7026;40.4165,-3.7026;AS15169;Google LLC;28001;Europe/Madrid;3.66;16-05-2023 15:27:17
yahoo.com;98.137.11.164;OK;1;Quincy;Washington;US;40.4165,-3.7026;47.2343,-119.8525;AS36647;Oath Holdings Inc.;98848;America/Los_Angeles;159;16-05-2023 15:27:17
zuora.com;N/A;N/A;0;N/A;N/A;N/A;40.4165,-3.7026;0.0, 0.0;N/A;N/A;0;N/A;0.0;16-05-2023 15:27:17
zalando.es;34.111.24.118;OK;1;Kansas City;Missouri;US;40.4165,-3.7026;39.0997,-94.5786;AS396982;Google LLC;64106;America/Chicago;3.73;16-05-2023 15:27:17
www.zara.com;2.17.211.154;OK;1;Madrid;Madrid;ES;40.4165,-3.7026;40.4165,-3.7026;AS20940;Akamai International B.V.;28001;Europe/Madrid;2.72;16-05-2023 15:27:17
yowi.tv;157.90.166.8;OK;3;Bietigheim-Bissingen;Baden-Wurttemberg;DE;40.4165,-3.7026;48.9441,9.1175;AS24940;Hetzner Online GmbH;74321;Europe/Berlin;38.6;16-05-2023 15:27:17
zippyshare.com;145.239.9.15;OK;2;Roubaix;Hauts-de-France;FR;40.4165,-3.7026;50.6942,3.1746;AS16276;OVH SAS;59051 CEDEX 1;Europe/Paris;21.6;16-05-2023 15:27:17
yy.com;N/A;KO;3;N/A;N/A;N/A;40.4165,-3.7026;0.0, 0.0;N/A;N/A;0;N/A;0.0;16-05-2023 15:27:17
